,timestamp,full_time,temp,hum,light,soil,status,slope,eta,health
0,2025-11-21 23:00:12,2025-11-21 23:00:12.551338,0.0,0.0,0,0.0,Waiting...,0.0,-1.0,0.0
1,2025-11-21 23:00:13,2025-11-21 23:00:13.916479,24.53,41.02,2651,0.968,Calibrating,0.0,inf,80.0
2,2025-11-21 23:05:13,2025-11-21 23:05:13.914362,24.6,41.08,2655,0.963,Calibrating,0.0,inf,80.0
3,2025-11-21 23:10:13,2025-11-21 23:10:13.910347,25.29,41.42,2651,0.955,Calibrating,-0.07618,7.58,80.0
4,2025-11-21 23:15:13,2025-11-21 23:15:13.903825,24.12,39.97,2663,0.947,Calibrating,-0.08388,6.92,80.0
5,2025-11-21 23:20:13,2025-11-21 23:20:13.898961,24.01,41.08,2655,0.938,Calibrating,-0.08979,6.44,80.0
6,2025-11-21 23:25:13,2025-11-21 23:25:13.892902,23.92,40.23,2659,0.929,Calibrating,-0.09346,6.09,80.0
7,2025-11-21 23:30:13,2025-11-21 23:30:13.881425,23.43,41.46,2679,0.919,TooWet,-0.09706,5.88,80.0
8,2025-11-21 23:35:13,2025-11-21 23:35:13.875654,23.54,40.42,2669,0.91,TooWet,-0.09937,5.62,80.0
9,2025-11-21 23:40:13,2025-11-21 23:40:13.870811,23.48,41.05,2677,0.901,TooWet,-0.10058,5.5,80.0
10,2025-11-21 23:45:13,2025-11-21 23:45:13.866547,24.74,40.19,2677,0.892,TooWet,-0.10057,5.25,80.0
11,2025-11-21 23:50:13,2025-11-21 23:50:13.859080,24.37,39.2,2669,0.885,TooWet,-0.09969,5.25,80.0
12,2025-11-21 23:55:13,2025-11-21 23:55:13.852256,24.17,39.1,2667,0.877,TooWet,-0.09877,5.25,80.0
13,2025-11-22 00:00:13,2025-11-22 00:00:13.846288,23.86,39.35,2669,0.871,TooWet,-0.0971,5.33,80.0
14,2025-11-22 00:05:13,2025-11-22 00:05:13.843408,24.02,40.87,2629,0.864,TooWet,-0.09617,5.36,80.0
15,2025-11-22 00:10:13,2025-11-22 00:10:13.835504,23.98,39.06,2659,0.857,TooWet,-0.09482,5.32,80.0
16,2025-11-22 00:15:13,2025-11-22 00:15:13.830465,23.36,39.24,2667,0.852,TooWet,-0.09297,5.46,80.0
17,2025-11-22 00:20:13,2025-11-22 00:20:13.821837,22.93,40.14,35,0.847,TooWet,-0.09064,5.64,80.0
18,2025-11-22 00:25:13,2025-11-22 00:25:13.815855,22.6,40.29,41,0.843,TooWet,-0.08824,5.8,80.0
19,2025-11-22 00:30:13,2025-11-22 00:30:13.810083,22.35,40.5,43,0.839,TooWet,-0.08569,5.97,80.0
20,2025-11-22 00:35:13,2025-11-22 00:35:13.804126,22.14,40.45,41,0.836,TooWet,-0.08355,6.11,80.0
21,2025-11-22 00:40:13,2025-11-22 00:40:13.798030,21.93,40.73,43,0.832,TooWet,-0.08123,6.29,80.0
22,2025-11-22 00:45:13,2025-11-22 00:45:13.792503,21.74,40.69,41,0.83,TooWet,-0.07904,6.46,80.0
23,2025-11-22 00:50:13,2025-11-22 00:50:13.787124,21.67,40.56,44,0.827,TooWet,-0.07687,6.61,80.0
24,2025-11-22 00:55:13,2025-11-22 00:55:13.781679,21.53,40.58,43,0.825,TooWet,-0.07474,6.79,80.0
25,2025-11-22 01:00:13,2025-11-22 01:00:13.778740,21.39,40.58,44,0.822,TooWet,-0.07278,6.97,80.0
26,2025-11-22 01:05:13,2025-11-22 01:05:13.769140,21.25,40.75,45,0.82,TooWet,-0.07085,7.16,80.0
27,2025-11-22 01:10:13,2025-11-22 01:10:13.762869,21.15,40.73,45,0.818,TooWet,-0.06904,7.34,80.0
28,2025-11-22 01:15:13,2025-11-22 01:15:13.758584,21.05,40.84,47,0.816,TooWet,-0.06746,7.5,80.0
29,2025-11-22 01:20:13,2025-11-22 01:20:13.751033,20.98,40.96,44,0.814,TooWet,-0.06585,7.67,80.0
30,2025-11-22 01:25:13,2025-11-22 01:25:13.749664,20.88,40.92,45,0.812,TooWet,-0.06429,7.85,80.0
31,2025-11-22 01:30:13,2025-11-22 01:30:13.740186,20.81,40.77,45,0.811,TooWet,-0.06276,8.02,80.0
32,2025-11-22 01:35:13,2025-11-22 01:35:13.734590,20.7,40.85,47,0.809,TooWet,-0.06138,8.2,80.0
33,2025-11-22 01:40:13,2025-11-22 01:40:13.727662,20.64,40.93,45,0.808,TooWet,-0.05998,8.39,80.0
34,2025-11-22 01:45:13,2025-11-22 01:45:13.726056,20.54,40.84,46,0.807,TooWet,-0.05863,8.57,80.0
35,2025-11-22 01:50:13,2025-11-22 01:50:13.716895,20.48,40.92,50,0.805,TooWet,-0.05749,8.73,80.0
36,2025-11-22 01:55:13,2025-11-22 01:55:13.712190,20.43,41.0,46,0.804,TooWet,-0.05621,8.92,80.0
37,2025-11-22 02:00:13,2025-11-22 02:00:13.704936,20.37,41.02,46,0.803,TooWet,-0.05502,9.11,80.0
38,2025-11-22 02:05:13,2025-11-22 02:05:13.702867,20.32,40.85,46,0.802,TooWet,-0.05388,9.29,80.0
39,2025-11-22 02:10:13,2025-11-22 02:10:13.699344,20.27,41.54,51,0.801,TooWet,-0.05278,9.51,80.0
40,2025-11-22 02:15:13,2025-11-22 02:15:13.697699,20.25,41.24,50,0.799,TooWet,-0.05186,9.64,80.0
41,2025-11-22 02:20:13,2025-11-22 02:20:13.696129,20.2,41.16,47,0.798,TooWet,-0.05088,9.81,80.0
42,2025-11-22 02:25:13,2025-11-22 02:25:13.693334,20.13,41.03,53,0.797,TooWet,-0.05,9.97,80.0
43,2025-11-22 02:30:13,2025-11-22 02:30:13.692366,20.09,41.16,52,0.796,TooWet,-0.04908,10.15,80.0
44,2025-11-22 02:35:13,2025-11-22 02:35:13.689951,20.06,41.04,53,0.795,TooWet,-0.04817,10.33,80.0
45,2025-11-22 02:40:13,2025-11-22 02:40:13.687348,19.99,40.96,51,0.794,TooWet,-0.04731,10.51,80.0
46,2025-11-22 02:45:13,2025-11-22 02:45:13.681947,19.99,41.06,47,0.793,TooWet,-0.04652,10.67,80.0
47,2025-11-22 02:50:13,2025-11-22 02:50:13.677683,19.95,41.11,48,0.793,TooWet,-0.04573,10.85,80.0
48,2025-11-22 02:55:13,2025-11-22 02:55:13.675217,19.93,40.96,53,0.792,TooWet,-0.04494,11.03,80.0
49,2025-11-22 03:00:13,2025-11-22 03:00:13.670072,19.89,40.86,53,0.791,TooWet,-0.0442,11.19,80.0
50,2025-11-22 03:05:13,2025-11-22 03:05:13.664679,19.83,40.94,52,0.791,TooWet,-0.04342,11.41,80.0
51,2025-11-22 03:10:13,2025-11-22 03:10:13.661378,19.85,40.8,51,0.79,TooWet,-0.0427,11.57,80.0
52,2025-11-22 03:15:13,2025-11-22 03:15:13.656323,19.79,40.8,47,0.789,TooWet,-0.04199,11.77,80.0
53,2025-11-22 03:20:13,2025-11-22 03:20:13.650367,19.78,40.94,51,0.789,TooWet,-0.04133,11.95,80.0
54,2025-11-22 03:25:13,2025-11-22 03:25:13.644726,19.77,40.86,48,0.788,TooWet,-0.04065,12.14,80.0
55,2025-11-22 03:30:13,2025-11-22 03:30:13.640634,19.75,41.05,53,0.788,TooWet,-0.04001,12.34,80.0
56,2025-11-22 03:35:13,2025-11-22 03:35:13.635455,19.71,40.86,53,0.787,TooWet,-0.03942,12.51,80.0
57,2025-11-22 03:40:13,2025-11-22 03:40:13.629600,19.69,40.83,53,0.787,TooWet,-0.03883,12.69,80.0
58,2025-11-22 03:45:13,2025-11-22 03:45:13.624668,19.68,40.88,51,0.786,TooWet,-0.03825,12.87,80.0
59,2025-11-22 03:50:13,2025-11-22 03:50:13.618990,19.64,40.87,53,0.786,TooWet,-0.03767,13.07,80.0
60,2025-11-22 03:55:13,2025-11-22 03:55:13.614676,19.62,40.85,51,0.785,TooWet,-0.03727,13.19,80.0
61,2025-11-22 04:00:13,2025-11-22 04:00:13.608145,19.64,40.86,51,0.784,TooWet,-0.03683,13.32,80.0
62,2025-11-22 04:05:13,2025-11-22 04:05:13.602102,19.57,40.87,53,0.783,TooWet,-0.03636,13.49,80.0
63,2025-11-22 04:10:13,2025-11-22 04:10:13.597437,19.53,40.89,52,0.782,TooWet,-0.03592,13.65,80.0
64,2025-11-22 04:15:13,2025-11-22 04:15:13.594553,19.55,40.82,52,0.782,TooWet,-0.03548,13.79,80.0
65,2025-11-22 04:20:13,2025-11-22 04:20:13.585581,19.51,40.85,54,0.781,TooWet,-0.03501,13.98,80.0
66,2025-11-22 04:25:13,2025-11-22 04:25:13.579133,19.51,40.73,51,0.781,TooWet,-0.03458,14.13,80.0
67,2025-11-22 04:30:13,2025-11-22 04:30:13.575352,19.48,40.82,54,0.78,TooWet,-0.03411,14.33,80.0
68,2025-11-22 04:35:13,2025-11-22 04:35:13.570503,19.48,40.76,53,0.78,TooWet,-0.03372,14.47,80.0
69,2025-11-22 04:40:13,2025-11-22 04:40:13.563113,19.44,40.72,55,0.779,TooWet,-0.03331,14.64,80.0
70,2025-11-22 04:45:13,2025-11-22 04:45:13.560914,19.46,40.82,55,0.778,TooWet,-0.03293,14.8,80.0
71,2025-11-22 04:50:13,2025-11-22 04:50:13.551817,19.43,40.8,53,0.778,TooWet,-0.03255,14.96,80.0
72,2025-11-22 04:55:13,2025-11-22 04:55:13.545670,19.4,40.88,53,0.778,TooWet,-0.03217,15.14,80.0
73,2025-11-22 05:00:13,2025-11-22 05:00:13.539943,19.41,40.89,55,0.777,TooWet,-0.0318,15.3,80.0
74,2025-11-22 05:05:13,2025-11-22 05:05:13.534281,19.41,40.76,56,0.777,TooWet,-0.031,15.67,80.0
75,2025-11-22 05:10:13,2025-11-22 05:10:13.527246,19.38,40.8,55,0.776,TooWet,-0.02983,16.29,80.0
76,2025-11-22 05:15:13,2025-11-22 05:15:13.522812,19.38,40.87,54,0.776,TooWet,-0.02853,17.02,80.0
77,2025-11-22 05:20:13,2025-11-22 05:20:13.516370,19.34,40.9,54,0.775,TooWet,-0.02709,17.93,80.0
78,2025-11-22 05:25:13,2025-11-22 05:25:13.511512,19.34,40.86,57,0.775,TooWet,-0.02562,18.95,80.0
79,2025-11-22 05:30:13,2025-11-22 05:30:13.506509,19.34,40.93,57,0.775,TooWet,-0.0241,20.14,80.0
80,2025-11-22 05:35:13,2025-11-22 05:35:13.499117,19.31,40.93,53,0.775,TooWet,-0.02255,21.52,80.0
81,2025-11-22 05:40:13,2025-11-22 05:40:13.493992,19.31,40.9,57,0.774,TooWet,-0.0211,22.98,80.0
82,2025-11-22 05:45:13,2025-11-22 05:45:13.488365,19.32,41.05,53,0.773,TooWet,-0.01983,24.44,80.0
83,2025-11-22 05:50:13,2025-11-22 05:50:13.482336,19.31,40.94,53,0.773,TooWet,-0.01859,26.05,80.0
84,2025-11-22 05:55:13,2025-11-22 05:55:13.476490,19.3,40.94,51,0.773,TooWet,-0.01744,27.73,80.0
85,2025-11-22 06:00:13,2025-11-22 06:00:13.470171,19.3,41.0,55,0.772,TooWet,-0.01641,29.46,80.0
86,2025-11-22 06:05:13,2025-11-22 06:05:13.466006,19.32,41.03,53,0.772,TooWet,-0.01524,31.72,80.0
87,2025-11-22 06:10:13,2025-11-22 06:10:13.459480,19.3,41.18,53,0.772,TooWet,-0.01427,33.86,80.0
88,2025-11-22 06:15:13,2025-11-22 06:15:13.452336,19.31,41.09,56,0.771,TooWet,-0.01344,35.91,80.0
89,2025-11-22 06:20:13,2025-11-22 06:20:13.448425,19.3,41.21,53,0.77,TooWet,-0.01278,37.74,80.0
90,2025-11-22 06:25:13,2025-11-22 06:25:13.441011,19.27,41.21,56,0.77,TooWet,-0.01216,39.63,80.0
91,2025-11-22 06:30:13,2025-11-22 06:30:13.435371,19.3,41.25,54,0.769,TooWet,-0.01164,41.35,80.0
92,2025-11-22 06:35:13,2025-11-22 06:35:13.429641,19.27,41.31,57,0.769,TooWet,-0.01106,43.56,80.0
93,2025-11-22 06:40:13,2025-11-22 06:40:13.423159,19.23,41.3,57,0.769,TooWet,-0.01063,45.3,80.0
94,2025-11-22 06:45:13,2025-11-22 06:45:13.419337,19.27,41.41,57,0.768,TooWet,-0.0102,47.18,80.0
95,2025-11-22 06:50:13,2025-11-22 06:50:13.412351,19.21,41.37,57,0.768,TooWet,-0.00981,49.06,80.0
96,2025-11-22 06:55:13,2025-11-22 06:55:13.408998,19.2,41.58,53,0.767,TooWet,-0.00954,50.48,80.0
97,2025-11-22 07:00:13,2025-11-22 07:00:13.401575,19.19,41.53,53,0.767,TooWet,-0.00923,52.1,80.0
98,2025-11-22 07:05:13,2025-11-22 07:05:13.394441,19.21,41.73,53,0.767,TooWet,-0.00893,53.82,80.0
99,2025-11-22 07:10:13,2025-11-22 07:10:13.390996,19.23,41.67,55,0.766,TooWet,-0.00863,55.67,80.0
100,2025-11-22 07:15:13,2025-11-22 07:15:13.383031,19.23,41.8,56,0.766,TooWet,-0.00828,58.03,80.0
101,2025-11-22 07:20:13,2025-11-22 07:20:13.378557,19.17,41.98,59,0.766,TooWet,-0.00802,60.0,80.0
102,2025-11-22 07:25:13,2025-11-22 07:25:13.372329,19.17,42.19,57,0.766,TooWet,-0.00777,62.04,80.0
103,2025-11-22 07:30:13,2025-11-22 07:30:13.365763,19.21,42.17,59,0.766,TooWet,-0.00753,63.91,80.0
104,2025-11-22 07:35:13,2025-11-22 07:35:13.361384,19.21,42.23,61,0.765,TooWet,-0.00731,65.8,80.0
105,2025-11-22 07:40:13,2025-11-22 07:40:13.354488,19.2,42.43,71,0.765,TooWet,-0.00712,67.56,80.0
106,2025-11-22 07:45:13,2025-11-22 07:45:13.348341,19.21,42.5,64,0.765,TooWet,-0.00697,69.06,80.0
107,2025-11-22 07:50:13,2025-11-22 07:50:13.343969,19.19,42.64,73,0.765,TooWet,-0.00674,71.39,80.0
108,2025-11-22 07:55:13,2025-11-22 07:55:13.337763,19.17,42.88,76,0.764,TooWet,-0.00666,72.31,80.0
109,2025-11-22 08:00:13,2025-11-22 08:00:13.330907,19.23,42.8,77,0.764,TooWet,-0.00652,73.74,80.0
110,2025-11-22 08:05:13,2025-11-22 08:05:13.325659,19.21,42.84,77,0.763,TooWet,-0.00638,75.35,80.0
111,2025-11-22 08:10:13,2025-11-22 08:10:13.319834,19.19,43.0,83,0.763,TooWet,-0.00624,77.05,80.0
112,2025-11-22 08:15:13,2025-11-22 08:15:13.314415,19.16,43.09,88,0.763,TooWet,-0.00608,79.21,80.0
113,2025-11-22 08:20:13,2025-11-22 08:20:13.307307,19.17,43.27,84,0.763,TooWet,-0.00595,80.89,80.0
114,2025-11-22 08:25:13,2025-11-22 08:25:13.302428,19.19,43.34,99,0.762,TooWet,-0.00575,83.64,80.0
115,2025-11-22 08:30:13,2025-11-22 08:30:13.297559,19.16,43.53,136,0.762,TooWet,-0.00564,85.4,80.0
116,2025-11-22 08:35:13,2025-11-22 08:35:13.292968,19.17,43.48,181,0.762,TooWet,-0.00554,86.8,80.0
117,2025-11-22 08:40:13,2025-11-22 08:40:13.289133,19.11,43.72,252,0.762,TooWet,-0.00541,89.17,80.0
118,2025-11-22 08:45:13,2025-11-22 08:45:13.279919,19.17,43.74,327,0.762,TooWet,-0.00528,91.29,80.0
119,2025-11-22 08:50:13,2025-11-22 08:50:13.273876,19.14,43.75,375,0.761,TooWet,-0.00523,91.97,80.0
120,2025-11-22 08:55:13,2025-11-22 08:55:13.268979,19.17,43.88,349,0.761,TooWet,-0.00522,92.18,80.0
121,2025-11-22 09:00:13,2025-11-22 09:00:13.265435,19.17,43.95,343,0.76,TooWet,-0.00515,93.36,80.0
122,2025-11-22 09:05:13,2025-11-22 09:05:13.256536,19.79,46.16,382,0.759,TooWet,-0.00523,91.72,80.0
123,2025-11-22 09:10:13,2025-11-22 09:10:13.250711,19.47,45.88,451,0.759,TooWet,-0.0052,92.66,80.0
124,2025-11-22 09:15:13,2025-11-22 09:15:13.245916,19.34,45.32,421,0.759,TooWet,-0.00513,93.75,80.0
125,2025-11-22 09:20:13,2025-11-22 09:20:13.238245,19.27,45.12,357,0.759,TooWet,-0.00504,95.45,80.0
126,2025-11-22 09:25:13,2025-11-22 09:25:13.233796,19.21,45.2,391,0.758,TooWet,-0.00498,96.73,80.0
127,2025-11-22 09:30:13,2025-11-22 09:30:13.228179,19.17,45.12,457,0.758,TooWet,-0.00491,98.09,80.0
128,2025-11-22 09:35:13,2025-11-22 09:35:13.221438,19.17,45.06,462,0.758,TooWet,-0.00489,98.42,80.0
129,2025-11-22 09:40:13,2025-11-22 09:40:13.215467,19.17,45.2,435,0.758,TooWet,-0.00484,99.57,80.0
130,2025-11-22 09:45:13,2025-11-22 09:45:13.209881,19.2,45.03,413,0.757,TooWet,-0.00484,99.19,80.0
131,2025-11-22 09:50:13,2025-11-22 09:50:13.204414,19.17,45.19,415,0.757,TooWet,-0.00483,99.52,80.0
132,2025-11-22 09:55:13,2025-11-22 09:55:13.198912,19.17,45.13,372,0.756,TooWet,-0.00471,101.87,80.0
133,2025-11-22 10:00:13,2025-11-22 10:00:13.194439,19.13,45.1,367,0.756,TooWet,-0.00463,103.64,80.0
134,2025-11-22 10:05:13,2025-11-22 10:05:13.187951,19.16,45.31,357,0.756,TooWet,-0.00454,105.67,80.0
135,2025-11-22 10:10:13,2025-11-22 10:10:13.182618,19.17,45.25,351,0.756,TooWet,-0.00445,107.76,80.0
136,2025-11-22 10:15:13,2025-11-22 10:15:13.175767,19.17,45.74,381,0.755,TooWet,-0.00439,109.46,80.0
137,2025-11-22 10:20:13,2025-11-22 10:20:13.172236,19.16,46.78,424,0.755,TooWet,-0.00439,109.93,80.0
138,2025-11-22 10:25:13,2025-11-22 10:25:13.168651,19.61,47.16,2815,0.754,TooWet,-0.00441,108.64,80.0
139,2025-11-22 10:30:13,2025-11-22 10:30:13.159346,19.98,46.51,2804,0.754,TooWet,-0.00445,106.6,80.0
140,2025-11-22 10:35:13,2025-11-22 10:35:13.153391,20.57,46.04,2771,0.753,TooWet,-0.00444,105.18,80.0
141,2025-11-22 10:40:13,2025-11-22 10:40:13.148193,20.63,49.78,2767,0.752,TooWet,-0.00449,106.02,80.0
142,2025-11-22 10:45:13,2025-11-22 10:45:13.142505,20.7,47.58,2734,0.752,TooWet,-0.00442,106.07,80.0
143,2025-11-22 10:50:13,2025-11-22 10:50:13.135588,20.58,46.52,2745,0.751,TooWet,-0.00447,104.3,80.0
144,2025-11-22 10:55:13,2025-11-22 10:55:13.129428,20.64,46.58,2740,0.75,TooWet,-0.00452,103.07,80.0
145,2025-11-22 11:00:13,2025-11-22 11:00:13.123611,21.09,48.33,2727,0.75,TooWet,-0.00446,104.43,80.0
146,2025-11-22 11:05:13,2025-11-22 11:05:13.117859,20.94,49.28,2728,0.75,TooWet,-0.00447,104.97,80.0
147,2025-11-22 11:10:13,2025-11-22 11:10:13.112356,20.8,45.73,2734,0.75,TooWet,-0.00443,104.17,80.0
148,2025-11-22 11:15:13,2025-11-22 11:15:13.108126,20.19,46.86,2729,0.75,TooWet,-0.00432,108.78,80.0
149,2025-11-22 11:20:13,2025-11-22 11:20:13.105711,20.09,47.48,2707,0.75,TooWet,-0.00424,111.35,80.0
150,2025-11-22 11:25:13,2025-11-22 11:25:13.100917,20.71,49.88,2683,0.749,TooWet,-0.0043,109.94,80.0
151,2025-11-22 11:30:13,2025-11-22 11:30:13.096780,21.47,45.91,2714,0.749,TooWet,-0.00437,104.07,80.0
152,2025-11-22 11:35:13,2025-11-22 11:35:13.093143,21.79,46.92,2733,0.748,TooWet,-0.0045,100.84,80.0
153,2025-11-22 11:40:13,2025-11-22 11:40:13.087850,22.08,45.38,2729,0.747,TooWet,-0.00461,96.77,80.0
154,2025-11-22 11:45:13,2025-11-22 11:45:13.082807,22.28,45.59,2665,0.746,TooWet,-0.00463,95.87,80.0
155,2025-11-22 11:50:13,2025-11-22 11:50:13.079635,22.65,43.98,2713,0.744,TooWet,-0.0048,90.83,80.0
156,2025-11-22 11:55:13,2025-11-22 11:55:13.075239,23.02,43.72,2711,0.743,TooWet,-0.00486,88.59,80.0
157,2025-11-22 12:00:13,2025-11-22 12:00:13.071536,22.86,43.42,2652,0.743,TooWet,-0.0049,87.91,80.0
158,2025-11-22 12:05:13,2025-11-22 12:05:13.070363,23.03,44.21,2677,0.742,TooWet,-0.00502,85.75,80.0
159,2025-11-22 12:10:13,2025-11-22 12:10:13.063043,23.47,44.3,2679,0.741,TooWet,-0.00511,83.39,80.0
160,2025-11-22 12:15:13,2025-11-22 12:15:13.057677,23.65,42.99,2703,0.74,TooWet,-0.0052,80.77,80.0
161,2025-11-22 12:20:13,2025-11-22 12:20:13.052117,23.37,42.88,2705,0.739,TooWet,-0.00526,80.11,80.0
162,2025-11-22 12:25:13,2025-11-22 12:25:13.045923,23.36,43.44,2707,0.738,TooWet,-0.00531,79.51,80.0
163,2025-11-22 12:30:13,2025-11-22 12:30:13.042090,23.5,43.1,2700,0.737,TooWet,-0.00539,77.82,80.0
164,2025-11-22 12:35:13,2025-11-22 12:35:13.034962,23.62,43.21,2703,0.736,TooWet,-0.00551,75.82,80.0
165,2025-11-22 12:40:13,2025-11-22 12:40:13.029716,23.82,43.47,2729,0.735,TooWet,-0.00559,74.32,80.0
166,2025-11-22 12:45:13,2025-11-22 12:45:13.025133,23.92,42.79,2693,0.734,TooWet,-0.00568,72.55,80.0
167,2025-11-22 12:50:13,2025-11-22 12:50:13.020599,22.89,42.29,2723,0.734,TooWet,-0.00569,73.83,80.0
168,2025-11-22 12:55:13,2025-11-22 12:55:13.012626,22.11,44.32,2717,0.735,TooWet,-0.00546,79.23,80.0
169,2025-11-22 13:00:13,2025-11-22 13:00:13.006832,22.31,44.6,2715,0.735,TooWet,-0.00528,81.77,80.0
170,2025-11-22 13:05:13,2025-11-22 13:05:13.002667,22.6,44.5,2719,0.735,TooWet,-0.00529,81.02,80.0
171,2025-11-22 13:10:12,2025-11-22 13:10:12.997271,22.21,45.18,2684,0.735,TooWet,-0.0053,81.81,80.0
172,2025-11-22 13:15:12,2025-11-22 13:15:12.989989,22.25,45.45,2681,0.735,TooWet,-0.00531,81.73,80.0
173,2025-11-22 13:20:12,2025-11-22 13:20:12.984169,22.27,44.75,2685,0.734,TooWet,-0.00528,81.77,80.0
174,2025-11-22 13:25:12,2025-11-22 13:25:12.978373,22.38,45.54,2719,0.734,TooWet,-0.00531,81.48,80.0
175,2025-11-22 13:30:12,2025-11-22 13:30:12.972793,22.51,44.73,2697,0.734,TooWet,-0.00537,79.88,80.0
176,2025-11-22 13:35:12,2025-11-22 13:35:12.967597,22.39,44.81,2669,0.733,TooWet,-0.00537,80.09,80.0
177,2025-11-22 13:40:12,2025-11-22 13:40:12.961162,22.97,45.18,2655,0.732,TooWet,-0.00549,77.39,80.0
178,2025-11-22 13:45:12,2025-11-22 13:45:12.956628,22.99,45.15,2687,0.731,TooWet,-0.00556,76.27,80.0
179,2025-11-22 13:50:12,2025-11-22 13:50:12.950619,22.72,44.59,2665,0.731,TooWet,-0.00564,75.27,80.0
180,2025-11-22 13:55:12,2025-11-22 13:55:12.944562,22.38,44.37,2671,0.73,TooWet,-0.00565,75.44,80.0
181,2025-11-22 14:00:12,2025-11-22 14:00:12.940360,21.93,44.38,2681,0.73,TooWet,-0.0057,75.44,80.0
182,2025-11-22 14:05:12,2025-11-22 14:05:12.936318,21.64,44.77,2675,0.729,TooWet,-0.0057,75.97,80.0
183,2025-11-22 14:10:12,2025-11-22 14:10:12.928072,21.59,45.13,2675,0.729,TooWet,-0.00577,75.13,80.0
184,2025-11-22 14:15:12,2025-11-22 14:15:12.922033,21.57,48.59,2671,0.728,TooWet,-0.00576,76.77,80.0
185,2025-11-22 14:20:12,2025-11-22 14:20:12.916768,21.53,54.25,2667,0.728,TooWet,-0.00583,78.51,80.0
186,2025-11-22 14:25:12,2025-11-22 14:25:12.912124,21.47,54.0,2665,0.727,TooWet,-0.00585,78.2,80.0
187,2025-11-22 14:30:12,2025-11-22 14:30:12.905822,21.39,53.62,2666,0.727,TooWet,-0.00583,78.36,80.0
188,2025-11-22 14:35:12,2025-11-22 14:35:12.902184,21.32,59.47,2663,0.727,TooWet,-0.00577,82.1,80.0
189,2025-11-22 14:40:12,2025-11-22 14:40:12.895278,21.33,60.9,2661,0.727,TooWet,-0.00584,81.87,80.0
190,2025-11-22 14:45:12,2025-11-22 14:45:12.888197,21.23,61.5,2654,0.727,TooWet,-0.0058,82.83,80.0
191,2025-11-22 14:50:12,2025-11-22 14:50:12.882331,21.21,60.76,2653,0.727,TooWet,-0.00572,83.67,80.0
192,2025-11-22 14:55:12,2025-11-22 14:55:12.876687,21.36,59.36,2647,0.727,TooWet,-0.00563,84.04,80.0
193,2025-11-22 15:00:12,2025-11-22 15:00:12.871171,21.18,58.16,2629,0.726,TooWet,-0.00564,83.37,80.0
194,2025-11-22 15:05:12,2025-11-22 15:05:12.869542,21.23,57.11,2570,0.726,TooWet,-0.00558,83.55,80.0
195,2025-11-22 15:10:12,2025-11-22 15:10:12.860209,21.46,54.88,2637,0.725,TooWet,-0.0056,81.71,80.0
196,2025-11-22 15:15:12,2025-11-22 15:15:12.854875,21.59,54.84,2643,0.725,TooWet,-0.00562,81.21,80.0
197,2025-11-22 15:20:12,2025-11-22 15:20:12.849710,21.31,54.81,2635,0.725,TooWet,-0.00563,81.34,80.0
198,2025-11-22 15:25:12,2025-11-22 15:25:12.848559,21.22,55.09,2645,0.725,TooWet,-0.00564,81.39,80.0
199,2025-11-22 15:30:12,2025-11-22 15:30:12.835959,21.11,55.97,58,0.725,TooWet,-0.00558,82.93,80.0
200,2025-11-22 15:35:12,2025-11-22 15:35:12.829034,20.94,54.56,59,0.725,TooWet,-0.0055,83.77,80.0
201,2025-11-22 15:40:12,2025-11-22 15:40:12.824202,20.85,54.67,57,0.725,TooWet,-0.00542,85.15,80.0
202,2025-11-22 15:45:12,2025-11-22 15:45:12.818670,20.8,54.35,57,0.725,TooWet,-0.0053,86.96,80.0
203,2025-11-22 15:50:12,2025-11-22 15:50:12.812859,20.7,53.69,58,0.725,TooWet,-0.00522,88.15,80.0
204,2025-11-22 15:55:12,2025-11-22 15:55:12.806257,20.68,53.34,59,0.725,TooWet,-0.00519,88.51,80.0
205,2025-11-22 16:00:12,2025-11-22 16:00:12.805953,20.61,53.34,55,0.725,TooWet,-0.00509,90.39,80.0
206,2025-11-22 16:05:12,2025-11-22 16:05:12.796595,20.61,52.93,56,0.725,TooWet,-0.00508,90.41,80.0
207,2025-11-22 16:10:12,2025-11-22 16:10:12.795283,20.54,52.77,57,0.725,TooWet,-0.00508,90.26,80.0
208,2025-11-22 16:15:12,2025-11-22 16:15:12.792047,20.53,52.48,57,0.725,TooWet,-0.00507,90.31,80.0
209,2025-11-22 16:20:12,2025-11-22 16:20:12.778672,20.48,52.45,57,0.725,TooWet,-0.00501,91.51,80.0
210,2025-11-22 16:25:12,2025-11-22 16:25:12.773929,20.47,52.03,55,0.725,TooWet,-0.0049,93.3,80.0
211,2025-11-22 16:30:12,2025-11-22 16:30:12.767435,20.43,51.91,55,0.725,TooWet,-0.00484,94.35,80.0
212,2025-11-22 16:35:12,2025-11-22 16:35:12.763619,20.39,51.68,56,0.724,TooWet,-0.00476,95.91,80.0
213,2025-11-22 16:40:12,2025-11-22 16:40:12.769716,20.36,51.77,55,0.724,TooWet,-0.00465,98.19,80.0
214,2025-11-22 16:45:12,2025-11-22 16:45:12.764837,20.25,51.46,56,0.724,TooWet,-0.00463,98.59,80.0
215,2025-11-22 16:50:12,2025-11-22 16:50:12.745564,20.29,51.17,55,0.724,TooWet,-0.00451,101.03,80.0
216,2025-11-22 16:55:12,2025-11-22 16:55:12.815579,20.25,51.61,55,0.724,TooWet,-0.0044,103.75,80.0
217,2025-11-22 17:00:12,2025-11-22 17:00:12.763475,20.2,51.1,55,0.724,TooWet,-0.00439,103.95,80.0
218,2025-11-22 17:05:12,2025-11-22 17:05:12.728661,20.22,51.37,56,0.724,TooWet,-0.00426,107.09,80.0
219,2025-11-22 17:10:12,2025-11-22 17:10:12.737237,20.17,51.33,57,0.724,TooWet,-0.0043,106.12,80.0
220,2025-11-22 17:15:12,2025-11-22 17:15:12.749884,20.22,51.25,55,0.724,TooWet,-0.00437,104.26,80.0
221,2025-11-22 17:20:12,2025-11-22 17:20:12.808750,20.15,51.1,54,0.723,TooWet,-0.00441,103.32,80.0
222,2025-11-22 17:25:12,2025-11-22 17:25:12.730547,20.1,51.07,56,0.723,TooWet,-0.00436,104.64,80.0
223,2025-11-22 17:30:12,2025-11-22 17:30:12.803461,20.08,51.23,57,0.723,TooWet,-0.0042,108.61,80.0
224,2025-11-22 17:35:12,2025-11-22 17:35:12.788706,20.05,51.24,55,0.723,TooWet,-0.00406,112.64,80.0
225,2025-11-22 17:40:12,2025-11-22 17:40:12.826774,20.08,51.22,57,0.723,TooWet,-0.00388,117.8,80.0
226,2025-11-22 17:45:12,2025-11-22 17:45:12.773711,20.02,51.23,57,0.723,TooWet,-0.00376,121.56,80.0
227,2025-11-22 17:50:12,2025-11-22 17:50:12.733562,19.95,51.39,59,0.723,TooWet,-0.00355,128.92,80.0
228,2025-11-22 17:55:12,2025-11-22 17:55:12.741919,20.04,51.19,59,0.723,TooWet,-0.00341,133.81,80.0
229,2025-11-22 18:00:12,2025-11-22 18:00:12.665495,19.96,51.12,59,0.723,TooWet,-0.00329,138.8,80.0
230,2025-11-22 18:05:12,2025-11-22 18:05:12.659731,20.06,50.92,53,0.723,TooWet,-0.00316,144.43,80.0
231,2025-11-22 18:10:12,2025-11-22 18:10:12.655873,19.93,51.19,56,0.723,TooWet,-0.00302,151.29,80.0
232,2025-11-22 18:15:12,2025-11-22 18:15:12.647424,19.93,51.22,61,0.722,TooWet,-0.00291,157.11,80.0
233,2025-11-22 18:20:12,2025-11-22 18:20:12.642560,19.95,51.28,55,0.722,TooWet,-0.00278,164.53,80.0
234,2025-11-22 18:25:12,2025-11-22 18:25:12.638061,19.9,51.14,56,0.722,TooWet,-0.00263,173.88,80.0
235,2025-11-22 18:30:12,2025-11-22 18:30:12.630532,19.95,51.06,57,0.722,TooWet,-0.00252,181.03,80.0
236,2025-11-22 18:35:12,2025-11-22 18:35:12.624186,19.95,50.86,55,0.722,TooWet,-0.00239,190.42,80.0
237,2025-11-22 18:40:12,2025-11-22 18:40:12.619501,19.9,50.92,55,0.722,TooWet,-0.00226,201.18,80.0
238,2025-11-22 18:45:12,2025-11-22 18:45:12.614992,19.9,50.86,57,0.721,TooWet,-0.00214,212.84,80.0
239,2025-11-22 18:50:12,2025-11-22 18:50:12.610257,19.92,51.06,59,0.721,TooWet,-0.00212,214.65,80.0
240,2025-11-22 18:55:12,2025-11-22 18:55:12.601250,19.86,51.0,61,0.721,TooWet,-0.00229,199.27,80.0
241,2025-11-22 19:00:12,2025-11-22 19:00:12.596308,19.9,51.01,58,0.721,TooWet,-0.00239,190.5,80.0
242,2025-11-22 19:05:12,2025-11-22 19:05:12.591846,19.89,51.05,61,0.721,TooWet,-0.00235,193.51,80.0
243,2025-11-22 19:10:12,2025-11-22 19:10:12.584906,19.89,50.8,60,0.721,TooWet,-0.00232,195.85,80.0
244,2025-11-22 19:15:12,2025-11-22 19:15:12.577878,19.88,50.9,59,0.721,TooWet,-0.00233,195.15,80.0
245,2025-11-22 19:20:12,2025-11-22 19:20:12.572951,19.85,50.88,61,0.72,TooWet,-0.00232,196.05,80.0
246,2025-11-22 19:25:12,2025-11-22 19:25:12.567212,19.85,50.96,62,0.72,TooWet,-0.00226,201.56,80.0
247,2025-11-22 19:30:12,2025-11-22 19:30:12.561565,19.83,50.8,61,0.721,TooWet,-0.00217,209.7,80.0
248,2025-11-22 19:35:12,2025-11-22 19:35:12.555887,19.92,50.68,57,0.72,TooWet,-0.00216,209.48,80.0
249,2025-11-22 19:40:12,2025-11-22 19:40:12.550196,19.89,50.72,57,0.72,TooWet,-0.00202,224.75,80.0
250,2025-11-22 19:45:12,2025-11-22 19:45:12.543577,19.83,50.6,59,0.72,TooWet,-0.00189,239.56,80.0
251,2025-11-22 19:50:12,2025-11-22 19:50:12.538572,19.82,50.7,61,0.72,TooWet,-0.00179,253.83,80.0
252,2025-11-22 19:55:12,2025-11-22 19:55:12.532858,19.78,50.78,61,0.72,TooWet,-0.0017,267.48,80.0
253,2025-11-22 20:00:12,2025-11-22 20:00:12.527031,19.83,50.57,61,0.72,TooWet,-0.00162,279.44,80.0
254,2025-11-22 20:05:12,2025-11-22 20:05:12.520960,19.77,50.72,61,0.72,TooWet,-0.00158,288.33,80.0
255,2025-11-22 20:10:12,2025-11-22 20:10:12.515143,19.78,50.79,59,0.72,TooWet,-0.00146,310.35,80.0
256,2025-11-22 20:15:12,2025-11-22 20:15:12.511706,20.3,51.46,2773,0.719,TooWet,-0.00149,302.17,80.0
257,2025-11-22 20:20:12,2025-11-22 20:20:12.508749,20.0,51.29,2737,0.719,TooWet,-0.00141,320.75,80.0
258,2025-11-22 20:25:12,2025-11-22 20:25:12.506632,19.9,51.26,2683,0.719,TooWet,-0.00142,320.6,80.0
259,2025-11-22 20:30:12,2025-11-22 20:30:12.501826,19.86,52.0,2668,0.719,TooWet,-0.00142,321.61,80.0
260,2025-11-22 20:35:12,2025-11-22 20:35:12.498809,20.02,52.93,2648,0.719,TooWet,-0.00145,314.08,80.0
261,2025-11-22 20:40:12,2025-11-22 20:40:12.494416,20.15,53.79,2695,0.718,TooWet,-0.00145,315.52,80.0
262,2025-11-22 20:45:12,2025-11-22 20:45:12.489624,20.16,53.54,2680,0.718,TooWet,-0.0015,304.3,80.0
263,2025-11-22 20:50:12,2025-11-22 20:50:12.485383,20.25,53.67,2633,0.718,TooWet,-0.00149,306.3,80.0
264,2025-11-22 20:55:12,2025-11-22 20:55:12.482407,20.25,54.36,2645,0.718,TooWet,-0.0015,305.69,80.0
265,2025-11-22 21:00:12,2025-11-22 21:00:12.478889,20.2,54.37,2643,0.718,TooWet,-0.00145,315.56,80.0
266,2025-11-22 21:05:12,2025-11-22 21:05:12.474912,20.27,53.82,2635,0.718,TooWet,-0.00134,340.15,80.0
267,2025-11-22 21:10:12,2025-11-22 21:10:12.470764,20.2,53.79,2637,0.718,TooWet,-0.00127,360.96,80.0
268,2025-11-22 21:15:12,2025-11-22 21:15:12.466809,20.27,54.04,2635,0.717,TooWet,-0.00125,364.18,80.0
269,2025-11-22 21:20:12,2025-11-22 21:20:12.460634,20.36,53.79,2665,0.717,TooWet,-0.00121,376.76,80.0
270,2025-11-22 21:25:12,2025-11-22 21:25:12.455857,20.33,54.45,2631,0.717,TooWet,-0.00119,384.94,80.0
271,2025-11-22 21:30:12,2025-11-22 21:30:12.450077,20.41,54.29,2629,0.717,TooWet,-0.00126,362.09,80.0
272,2025-11-22 21:35:12,2025-11-22 21:35:12.444532,20.48,54.25,2631,0.717,TooWet,-0.00132,344.65,80.0
273,2025-11-22 21:40:12,2025-11-22 21:40:12.439961,20.54,53.19,2655,0.717,TooWet,-0.00139,324.9,80.0
274,2025-11-22 21:45:12,2025-11-22 21:45:12.432141,20.57,53.23,2655,0.716,TooWet,-0.00147,307.58,80.0
275,2025-11-22 21:50:12,2025-11-22 21:50:12.426843,20.61,53.26,2659,0.716,TooWet,-0.0016,280.8,80.0
276,2025-11-22 21:55:12,2025-11-22 21:55:12.421598,20.57,53.23,2659,0.716,TooWet,-0.00158,285.57,80.0
277,2025-11-22 22:00:12,2025-11-22 22:00:12.415288,20.78,53.33,2655,0.715,TooWet,-0.00168,267.11,80.0
278,2025-11-22 22:05:12,2025-11-22 22:05:12.409477,21.01,52.88,2654,0.715,TooWet,-0.00179,249.38,80.0
279,2025-11-22 22:10:12,2025-11-22 22:10:12.404243,21.39,51.53,2657,0.714,TooWet,-0.00188,233.63,80.0
280,2025-11-22 22:15:12,2025-11-22 22:15:12.398614,21.72,51.01,2654,0.713,TooWet,-0.002,216.1,80.0
281,2025-11-22 22:20:12,2025-11-22 22:20:12.392616,22.05,50.51,2649,0.712,TooWet,-0.00215,199.22,80.0
282,2025-11-22 22:25:12,2025-11-22 22:25:12.388322,22.34,50.01,2633,0.711,TooWet,-0.00229,184.94,80.0
283,2025-11-22 22:30:12,2025-11-22 22:30:12.382371,22.55,49.39,2635,0.71,TooWet,-0.00243,172.68,80.0
284,2025-11-22 22:35:12,2025-11-22 22:35:12.376010,22.79,50.2,2623,0.709,TooWet,-0.00251,166.91,80.0
285,2025-11-22 22:40:12,2025-11-22 22:40:12.370650,22.72,50.28,2619,0.709,TooWet,-0.0026,161.36,80.0
286,2025-11-22 22:45:12,2025-11-22 22:45:12.365275,22.65,50.71,2615,0.709,TooWet,-0.00258,162.95,80.0
287,2025-11-22 22:50:12,2025-11-22 22:50:12.358801,22.72,50.62,2615,0.709,TooWet,-0.00259,162.28,80.0
288,2025-11-22 22:55:12,2025-11-22 22:55:12.354128,22.85,50.89,2611,0.708,TooWet,-0.00267,157.36,80.0
289,2025-11-22 23:00:12,2025-11-22 23:00:12.348061,22.8,51.01,2613,0.707,TooWet,-0.00277,151.71,80.0
290,2025-11-22 23:05:12,2025-11-22 23:05:12.342252,22.85,51.23,2614,0.707,TooWet,-0.00283,148.09,80.0
291,2025-11-22 23:10:12,2025-11-22 23:10:12.338193,22.8,51.44,2617,0.707,TooWet,-0.00284,148.14,80.0
292,2025-11-22 23:15:12,2025-11-22 23:15:12.333555,22.76,51.75,2616,0.707,TooWet,-0.00284,148.3,80.0
293,2025-11-22 23:20:12,2025-11-22 23:20:12.325478,22.83,52.18,2617,0.706,TooWet,-0.00286,147.38,80.0
294,2025-11-22 23:25:12,2025-11-22 23:25:12.319909,22.82,52.17,2619,0.706,TooWet,-0.00288,146.41,80.0
295,2025-11-22 23:30:12,2025-11-22 23:30:12.314274,22.8,52.65,2621,0.706,TooWet,-0.00295,143.39,80.0
296,2025-11-22 23:35:12,2025-11-22 23:35:12.308642,22.77,52.71,2621,0.705,TooWet,-0.00299,141.5,80.0
297,2025-11-22 23:40:12,2025-11-22 23:40:12.303041,22.79,52.42,2621,0.705,TooWet,-0.003,140.4,80.0
298,2025-11-22 23:45:12,2025-11-22 23:45:12.298729,22.77,52.69,2636,0.705,TooWet,-0.00309,136.6,80.0
299,2025-11-22 23:50:12,2025-11-22 23:50:12.292543,22.77,53.82,2637,0.704,TooWet,-0.00312,135.94,80.0
300,2025-11-22 23:55:12,2025-11-22 23:55:12.286941,22.85,55.31,2640,0.704,TooWet,-0.00312,137.22,80.0
301,2025-11-23 00:00:12,2025-11-23 00:00:12.281195,22.92,57.07,2639,0.704,TooWet,-0.00317,136.41,80.0
302,2025-11-23 00:05:12,2025-11-23 00:05:12.277446,22.99,55.68,2642,0.704,TooWet,-0.00327,130.88,80.0
303,2025-11-23 00:10:12,2025-11-23 00:10:12.269906,23.03,56.22,2642,0.703,TooWet,-0.00329,129.99,80.0
304,2025-11-23 00:15:12,2025-11-23 00:15:12.263788,22.45,55.22,2648,0.703,TooWet,-0.00321,133.88,80.0
305,2025-11-23 00:20:12,2025-11-23 00:20:12.258471,22.42,55.48,2621,0.703,TooWet,-0.00316,136.45,80.0
306,2025-11-23 00:25:12,2025-11-23 00:25:12.252816,23.11,55.27,2617,0.703,TooWet,-0.00327,129.68,80.0
307,2025-11-23 00:30:12,2025-11-23 00:30:12.247105,23.47,55.28,2619,0.702,TooWet,-0.00334,126.27,80.0
308,2025-11-23 00:35:12,2025-11-23 00:35:12.240640,23.65,55.13,2611,0.702,TooWet,-0.00337,124.3,80.0
309,2025-11-23 00:40:12,2025-11-23 00:40:12.234991,23.75,54.78,2597,0.701,TooWet,-0.00342,121.89,80.0
310,2025-11-23 00:45:12,2025-11-23 00:45:12.230048,23.79,54.61,2620,0.701,TooWet,-0.00344,120.78,80.0
311,2025-11-23 00:50:12,2025-11-23 00:50:12.224204,21.86,55.29,2617,0.701,TooWet,-0.00334,129.66,80.0
312,2025-11-23 00:55:12,2025-11-23 00:55:12.217410,21.25,53.68,2613,0.702,TooWet,-0.00316,137.32,80.0
313,2025-11-23 01:00:12,2025-11-23 01:00:12.211811,21.28,52.7,2603,0.703,TooWet,-0.00301,143.63,80.0
314,2025-11-23 01:05:12,2025-11-23 01:05:12.206545,21.98,52.87,2597,0.703,TooWet,-0.00289,147.66,80.0
315,2025-11-23 01:10:12,2025-11-23 01:10:12.201462,21.63,52.15,2603,0.704,TooWet,-0.00275,156.22,80.0
316,2025-11-23 01:15:12,2025-11-23 01:15:12.194229,21.23,52.66,2603,0.705,TooWet,-0.00262,165.61,80.0
317,2025-11-23 01:20:12,2025-11-23 01:20:12.189111,21.36,56.0,2607,0.704,TooWet,-0.00271,162.86,80.0
318,2025-11-23 01:25:12,2025-11-23 01:25:12.182589,22.47,52.95,2603,0.703,TooWet,-0.00286,148.36,80.0
319,2025-11-23 01:30:12,2025-11-23 01:30:12.176669,22.82,52.15,2581,0.703,TooWet,-0.00293,142.95,80.0
320,2025-11-23 01:35:12,2025-11-23 01:35:12.168808,22.49,52.51,43,0.702,TooWet,-0.00297,141.89,80.0
321,2025-11-23 01:40:12,2025-11-23 01:40:12.163618,22.42,52.44,45,0.702,TooWet,-0.00302,139.31,80.0
322,2025-11-23 01:45:12,2025-11-23 01:45:12.158150,22.35,52.53,46,0.702,TooWet,-0.00309,136.55,80.0
323,2025-11-23 01:50:12,2025-11-23 01:50:12.156888,22.32,52.51,47,0.701,TooWet,-0.00316,133.32,80.0
324,2025-11-23 01:55:12,2025-11-23 01:55:12.148247,22.24,52.54,47,0.701,TooWet,-0.00317,133.16,80.0
325,2025-11-23 02:00:12,2025-11-23 02:00:12.141708,22.21,52.39,50,0.701,TooWet,-0.00319,132.01,80.0
326,2025-11-23 02:05:12,2025-11-23 02:05:12.134978,22.12,52.5,51,0.701,TooWet,-0.0032,132.19,80.0
327,2025-11-23 02:10:12,2025-11-23 02:10:12.130253,22.08,52.48,47,0.7,TooWet,-0.00327,129.16,80.0
328,2025-11-23 02:15:12,2025-11-23 02:15:12.124272,22.07,52.46,51,0.7,TooWet,-0.00317,133.17,80.0
329,2025-11-23 02:20:12,2025-11-23 02:20:12.118604,22.0,52.38,51,0.7,TooWet,-0.00313,135.31,80.0
330,2025-11-23 02:25:12,2025-11-23 02:25:12.113311,21.96,52.38,53,0.7,TooWet,-0.0031,136.37,80.0
331,2025-11-23 02:30:12,2025-11-23 02:30:12.107350,21.9,52.41,47,0.7,TooWet,-0.00308,137.38,80.0
332,2025-11-23 02:35:12,2025-11-23 02:35:12.101388,21.86,52.28,53,0.7,TooWet,-0.00307,138.08,80.0
333,2025-11-23 02:40:12,2025-11-23 02:40:12.096743,21.8,52.21,53,0.7,TooWet,-0.00298,142.14,80.0
334,2025-11-23 02:45:12,2025-11-23 02:45:12.090818,21.77,52.06,54,0.7,TooWet,-0.00296,142.94,80.0
335,2025-11-23 02:50:12,2025-11-23 02:50:12.085984,21.72,51.93,51,0.7,TooWet,-0.00295,143.76,80.0
336,2025-11-23 02:55:12,2025-11-23 02:55:12.080783,21.67,51.94,53,0.7,TooWet,-0.00293,144.56,80.0
337,2025-11-23 03:00:12,2025-11-23 03:00:12.074827,21.63,51.97,53,0.7,TooWet,-0.0029,146.14,80.0
338,2025-11-23 03:05:12,2025-11-23 03:05:12.070358,21.63,51.89,55,0.7,TooWet,-0.0029,146.46,80.0
339,2025-11-23 03:10:12,2025-11-23 03:10:12.063921,21.54,51.7,51,0.7,TooWet,-0.00291,145.89,80.0
340,2025-11-23 03:15:12,2025-11-23 03:15:12.059918,21.53,51.68,55,0.7,TooWet,-0.0029,146.25,80.0
341,2025-11-23 03:20:12,2025-11-23 03:20:12.053557,21.5,51.49,53,0.7,TooWet,-0.00295,143.77,80.0
342,2025-11-23 03:25:12,2025-11-23 03:25:12.047735,21.45,51.57,55,0.7,TooWet,-0.00295,143.74,80.0
343,2025-11-23 03:30:12,2025-11-23 03:30:12.042711,21.45,51.36,55,0.7,TooWet,-0.0029,146.09,80.0
344,2025-11-23 03:35:12,2025-11-23 03:35:12.037588,21.36,51.17,53,0.7,TooWet,-0.00286,148.3,80.0
345,2025-11-23 03:40:12,2025-11-23 03:40:12.031670,21.36,51.41,55,0.7,TooWet,-0.00284,149.45,80.0
346,2025-11-23 03:45:12,2025-11-23 03:45:12.025309,21.33,51.14,55,0.7,TooWet,-0.00277,153.06,80.0
347,2025-11-23 03:50:12,2025-11-23 03:50:12.020103,21.31,50.9,55,0.7,TooWet,-0.00268,158.26,80.0
348,2025-11-23 03:55:12,2025-11-23 03:55:12.013069,21.23,50.99,55,0.7,TooWet,-0.00263,161.31,80.0
349,2025-11-23 04:00:12,2025-11-23 04:00:12.007013,21.16,50.82,57,0.7,TooWet,-0.00254,167.2,80.0
350,2025-11-23 04:05:12,2025-11-23 04:05:12.001263,21.15,51.03,54,0.7,TooWet,-0.00243,175.26,80.0
351,2025-11-23 04:10:11,2025-11-23 04:10:11.996080,21.12,50.96,55,0.7,TooWet,-0.00231,183.89,80.0
352,2025-11-23 04:15:11,2025-11-23 04:15:11.991838,21.09,50.65,55,0.7,TooWet,-0.00216,196.4,80.0
353,2025-11-23 04:20:11,2025-11-23 04:20:11.985045,21.08,50.7,53,0.7,TooWet,-0.002,212.61,80.0
354,2025-11-23 04:25:11,2025-11-23 04:25:11.979467,21.01,50.58,57,0.7,TooWet,-0.00184,230.87,80.0
355,2025-11-23 04:30:11,2025-11-23 04:30:11.974072,20.96,50.59,55,0.7,TooWet,-0.00166,257.28,80.0
356,2025-11-23 04:35:11,2025-11-23 04:35:11.968221,20.94,50.41,55,0.7,TooWet,-0.00155,274.6,80.0
357,2025-11-23 04:40:11,2025-11-23 04:40:11.963175,20.95,50.39,55,0.7,TooWet,-0.0015,284.22,80.0
358,2025-11-23 04:45:11,2025-11-23 04:45:11.956662,20.9,50.29,57,0.7,TooWet,-0.0015,282.81,80.0
359,2025-11-23 04:50:11,2025-11-23 04:50:11.951797,20.91,50.32,58,0.7,TooWet,-0.00149,284.92,80.0
360,2025-11-23 04:55:11,2025-11-23 04:55:11.950076,20.9,50.25,55,0.699,TooWet,-0.00145,293.6,80.0
361,2025-11-23 05:00:11,2025-11-23 05:00:11.939843,20.87,50.21,57,0.7,TooWet,-0.0013,326.71,80.0
362,2025-11-23 05:05:11,2025-11-23 05:05:11.934742,20.84,50.14,57,0.7,TooWet,-0.00123,345.53,80.0
363,2025-11-23 05:10:11,2025-11-23 05:10:11.929412,20.77,50.15,58,0.7,TooWet,-0.00117,363.65,80.0
364,2025-11-23 05:15:11,2025-11-23 05:15:11.922684,20.8,49.98,56,0.7,TooWet,-0.0011,385.8,80.0
365,2025-11-23 05:20:11,2025-11-23 05:20:11.917885,20.75,49.89,59,0.7,TooWet,-0.00108,393.94,80.0
366,2025-11-23 05:25:11,2025-11-23 05:25:11.914402,20.74,49.92,59,0.7,TooWet,-0.00101,422.67,80.0
367,2025-11-23 05:30:11,2025-11-23 05:30:11.907449,20.71,49.8,59,0.7,TooWet,-0.00093,inf,80.0
368,2025-11-23 05:35:11,2025-11-23 05:35:11.904530,20.68,49.83,57,0.7,TooWet,-0.00088,inf,80.0
369,2025-11-23 05:40:11,2025-11-23 05:40:11.903063,20.68,49.69,57,0.7,TooWet,-0.00085,inf,80.0
370,2025-11-23 05:45:11,2025-11-23 05:45:11.897757,20.64,49.83,57,0.7,TooWet,-0.00076,inf,80.0
371,2025-11-23 05:50:11,2025-11-23 05:50:11.894173,20.61,49.73,57,0.7,TooWet,-0.00075,inf,80.0
372,2025-11-23 05:55:11,2025-11-23 05:55:11.889383,20.6,49.81,56,0.7,TooWet,-0.00075,inf,80.0
373,2025-11-23 06:00:11,2025-11-23 06:00:11.892172,20.58,49.85,55,0.7,TooWet,-0.00076,inf,80.0
374,2025-11-23 06:05:11,2025-11-23 06:05:11.892139,20.57,49.85,55,0.699,TooWet,-0.00072,inf,80.0
375,2025-11-23 06:10:11,2025-11-23 06:10:11.879914,20.56,49.97,57,0.699,TooWet,-0.00063,inf,80.0
376,2025-11-23 06:15:11,2025-11-23 06:15:11.876339,20.53,49.9,57,0.699,TooWet,-0.00064,inf,80.0
377,2025-11-23 06:20:11,2025-11-23 06:20:11.872806,20.54,50.05,57,0.699,TooWet,-0.00067,inf,80.0
378,2025-11-23 06:25:11,2025-11-23 06:25:11.867541,20.54,49.94,61,0.699,TooWet,-0.00061,inf,80.0
379,2025-11-23 06:30:11,2025-11-23 06:30:11.861947,20.53,50.03,57,0.699,TooWet,-0.0005,inf,80.0
380,2025-11-23 06:35:11,2025-11-23 06:35:11.856001,20.54,50.17,59,0.699,TooWet,-0.00044,inf,80.0
381,2025-11-23 06:40:11,2025-11-23 06:40:11.851136,20.48,50.12,57,0.699,TooWet,-0.00034,inf,80.0
382,2025-11-23 06:45:11,2025-11-23 06:45:11.844299,20.51,50.12,57,0.699,TooWet,-0.00032,inf,80.0
383,2025-11-23 06:50:11,2025-11-23 06:50:11.839553,20.48,50.14,58,0.699,TooWet,-0.00042,inf,80.0
384,2025-11-23 06:55:11,2025-11-23 06:55:11.833239,20.48,50.25,57,0.699,TooWet,-0.00053,inf,80.0
385,2025-11-23 07:00:11,2025-11-23 07:00:11.827571,20.47,50.32,57,0.698,TooWet,-0.00074,inf,80.0
386,2025-11-23 07:05:11,2025-11-23 07:05:11.822932,20.46,50.39,55,0.698,TooWet,-0.00084,inf,80.0
387,2025-11-23 07:10:11,2025-11-23 07:10:11.819377,20.44,50.54,56,0.698,TooWet,-0.00104,412.38,80.0
388,2025-11-23 07:15:11,2025-11-23 07:15:11.813804,20.39,50.66,59,0.698,TooWet,-0.00115,372.6,80.0
389,2025-11-23 07:20:11,2025-11-23 07:20:11.811427,20.41,50.57,57,0.698,TooWet,-0.0011,388.03,80.0
390,2025-11-23 07:25:11,2025-11-23 07:25:11.799766,20.39,50.62,59,0.698,TooWet,-0.00097,inf,80.0
391,2025-11-23 07:30:11,2025-11-23 07:30:11.794165,20.34,50.76,63,0.697,TooWet,-0.00095,inf,80.0
392,2025-11-23 07:35:11,2025-11-23 07:35:11.787629,20.32,50.82,63,0.697,TooWet,-0.00088,inf,80.0
393,2025-11-23 07:40:11,2025-11-23 07:40:11.782182,20.27,51.02,59,0.697,TooWet,-0.00082,inf,80.0
394,2025-11-23 07:45:11,2025-11-23 07:45:11.778136,20.32,50.93,61,0.697,TooWet,-0.00077,inf,80.0
395,2025-11-23 07:50:11,2025-11-23 07:50:11.771972,20.34,50.93,69,0.697,TooWet,-0.00072,inf,80.0
396,2025-11-23 07:55:11,2025-11-23 07:55:11.766620,20.27,51.16,74,0.697,TooWet,-0.00072,inf,80.0
397,2025-11-23 08:00:11,2025-11-23 08:00:11.759887,20.32,51.04,85,0.696,TooWet,-0.00069,inf,80.0
398,2025-11-23 08:05:11,2025-11-23 08:05:11.755040,20.33,51.13,78,0.696,TooWet,-0.00069,inf,80.0
399,2025-11-23 08:10:11,2025-11-23 08:10:11.749379,20.29,51.21,75,0.696,TooWet,-0.00066,inf,80.0
400,2025-11-23 08:15:11,2025-11-23 08:15:11.745032,20.27,51.26,83,0.696,TooWet,-0.00068,inf,80.0
401,2025-11-23 08:20:11,2025-11-23 08:20:11.738787,20.29,51.31,119,0.696,TooWet,-0.00069,inf,80.0
402,2025-11-23 08:25:11,2025-11-23 08:25:11.732610,20.32,51.3,109,0.696,TooWet,-0.00071,inf,80.0
403,2025-11-23 08:30:11,2025-11-23 08:30:11.728391,20.32,51.25,127,0.696,TooWet,-0.00073,inf,80.0
404,2025-11-23 08:35:11,2025-11-23 08:35:11.722167,20.32,51.33,275,0.696,TooWet,-0.00074,inf,80.0
405,2025-11-23 08:40:11,2025-11-23 08:40:11.716689,20.34,51.23,209,0.696,TooWet,-0.00078,inf,80.0
406,2025-11-23 08:45:11,2025-11-23 08:45:11.710571,20.27,51.42,180,0.696,TooWet,-0.00077,inf,80.0
407,2025-11-23 08:50:11,2025-11-23 08:50:11.705100,20.3,51.36,139,0.695,TooWet,-0.00079,inf,80.0
408,2025-11-23 08:55:11,2025-11-23 08:55:11.699615,20.27,51.45,603,0.695,TooWet,-0.0008,inf,80.0
409,2025-11-23 09:00:11,2025-11-23 09:00:11.695850,20.32,51.44,629,0.695,TooWet,-0.00081,inf,80.0
410,2025-11-23 09:05:11,2025-11-23 09:05:11.687290,20.32,51.51,245,0.695,TooWet,-0.00085,inf,80.0
411,2025-11-23 09:10:11,2025-11-23 09:10:11.682704,20.29,51.62,311,0.695,TooWet,-0.00083,inf,80.0
412,2025-11-23 09:15:11,2025-11-23 09:15:11.678629,20.27,51.6,296,0.695,TooWet,-0.00083,inf,80.0
413,2025-11-23 09:20:11,2025-11-23 09:20:11.673712,20.3,51.5,491,0.695,TooWet,-0.00081,inf,80.0
414,2025-11-23 09:25:11,2025-11-23 09:25:11.665203,20.36,51.51,407,0.695,TooWet,-0.00081,inf,80.0
415,2025-11-23 09:30:11,2025-11-23 09:30:11.660217,20.36,51.49,413,0.695,TooWet,-0.00083,inf,80.0
416,2025-11-23 09:35:11,2025-11-23 09:35:11.653897,20.34,51.51,521,0.695,TooWet,-0.00082,inf,80.0
417,2025-11-23 09:40:11,2025-11-23 09:40:11.650504,20.37,51.55,1116,0.695,TooWet,-0.0008,inf,80.0
418,2025-11-23 09:45:11,2025-11-23 09:45:11.643013,20.33,51.69,1175,0.695,TooWet,-0.00088,inf,80.0
419,2025-11-23 09:50:11,2025-11-23 09:50:11.640737,20.34,51.64,892,0.695,TooWet,-0.00083,inf,80.0
420,2025-11-23 09:55:11,2025-11-23 09:55:11.635249,20.33,51.57,1143,0.695,TooWet,-0.00089,inf,80.0
421,2025-11-23 10:00:11,2025-11-23 10:00:11.627041,20.32,51.6,1117,0.694,TooWet,-0.00093,inf,80.0
422,2025-11-23 10:05:11,2025-11-23 10:05:11.621013,20.33,51.53,1079,0.694,TooWet,-0.00095,inf,80.0
423,2025-11-23 10:10:11,2025-11-23 10:10:11.615091,20.34,51.43,978,0.694,TooWet,-0.00097,inf,80.0
424,2025-11-23 10:15:11,2025-11-23 10:15:11.609140,20.33,51.44,937,0.694,TooWet,-0.00097,inf,80.0
425,2025-11-23 10:20:11,2025-11-23 10:20:11.602573,20.32,51.42,871,0.694,TooWet,-0.00098,inf,80.0
426,2025-11-23 10:25:11,2025-11-23 10:25:11.601269,20.33,51.29,842,0.694,TooWet,-0.00103,412.7,80.0
427,2025-11-23 10:30:11,2025-11-23 10:30:11.595394,20.36,51.4,831,0.694,TooWet,-0.00106,403.51,80.0
428,2025-11-23 10:35:11,2025-11-23 10:35:11.592873,20.39,51.24,861,0.694,TooWet,-0.00108,395.32,80.0
429,2025-11-23 10:40:11,2025-11-23 10:40:11.584131,20.37,51.31,867,0.694,TooWet,-0.00102,416.66,80.0
430,2025-11-23 10:45:11,2025-11-23 10:45:11.577724,20.39,51.24,550,0.693,TooWet,-0.00105,406.13,80.0
431,2025-11-23 10:50:11,2025-11-23 10:50:11.572367,20.37,50.99,669,0.693,TooWet,-0.00107,397.4,80.0
432,2025-11-23 10:55:11,2025-11-23 10:55:11.567402,20.4,50.99,855,0.693,TooWet,-0.00105,403.66,80.0
433,2025-11-23 11:00:11,2025-11-23 11:00:11.561444,20.36,51.07,459,0.693,TooWet,-0.00111,383.4,80.0
434,2025-11-23 11:05:11,2025-11-23 11:05:11.556517,20.4,50.74,1005,0.692,TooWet,-0.00126,334.85,80.0
435,2025-11-23 11:10:11,2025-11-23 11:10:11.550452,20.4,50.41,503,0.692,TooWet,-0.00127,332.4,80.0
436,2025-11-23 11:15:11,2025-11-23 11:15:11.545415,20.4,50.56,567,0.691,TooWet,-0.0014,301.17,80.0
437,2025-11-23 11:20:11,2025-11-23 11:20:11.538812,20.39,50.45,633,0.691,TooWet,-0.00148,285.28,80.0
438,2025-11-23 11:25:11,2025-11-23 11:25:11.535825,20.39,50.62,431,0.691,TooWet,-0.00147,287.08,80.0
439,2025-11-23 11:30:11,2025-11-23 11:30:11.527189,20.4,50.44,636,0.691,TooWet,-0.00157,267.99,80.0
440,2025-11-23 11:35:11,2025-11-23 11:35:11.522366,20.4,50.28,647,0.69,TooWet,-0.00164,256.39,80.0
441,2025-11-23 11:40:11,2025-11-23 11:40:11.516220,20.34,50.38,620,0.69,TooWet,-0.00171,245.27,80.0
442,2025-11-23 11:45:11,2025-11-23 11:45:11.510416,20.39,50.12,623,0.689,TooWet,-0.0018,233.17,80.0
443,2025-11-23 11:50:11,2025-11-23 11:50:11.506487,20.34,50.23,557,0.689,TooWet,-0.00185,226.74,80.0
444,2025-11-23 11:55:11,2025-11-23 11:55:11.527965,20.46,50.59,2423,0.688,TooWet,-0.00193,217.05,80.0
445,2025-11-23 12:00:11,2025-11-23 12:00:11.494403,20.78,52.63,2436,0.687,TooWet,-0.00201,208.74,80.0
446,2025-11-23 12:05:11,2025-11-23 12:05:11.489383,20.94,53.52,2411,0.686,TooWet,-0.00214,196.45,80.0
447,2025-11-23 12:10:11,2025-11-23 12:10:11.496004,21.16,53.25,2420,0.686,TooWet,-0.00223,187.31,80.0
448,2025-11-23 12:15:11,2025-11-23 12:15:11.478164,21.18,52.75,2413,0.685,TooWet,-0.00231,180.33,80.0
449,2025-11-23 12:20:11,2025-11-23 12:20:11.473341,21.19,51.79,2427,0.685,TooWet,-0.00237,174.17,80.0
450,2025-11-23 12:25:11,2025-11-23 12:25:11.537682,20.91,51.83,2425,0.685,TooWet,-0.00237,174.87,80.0
451,2025-11-23 12:30:11,2025-11-23 12:30:11.470205,20.99,53.1,2364,0.684,TooWet,-0.00245,170.57,80.0
452,2025-11-23 12:35:11,2025-11-23 12:35:11.540649,20.95,53.18,2373,0.684,TooWet,-0.00249,167.63,80.0
453,2025-11-23 12:40:11,2025-11-23 12:40:11.450208,21.12,51.61,2364,0.684,TooWet,-0.00258,159.56,80.0
454,2025-11-23 12:45:11,2025-11-23 12:45:11.444946,21.29,51.63,2387,0.683,TooWet,-0.00259,158.66,80.0
455,2025-11-23 12:50:11,2025-11-23 12:50:11.545427,21.25,51.45,2407,0.683,TooWet,-0.00266,153.84,80.0
456,2025-11-23 12:55:11,2025-11-23 12:55:11.433969,21.23,51.86,2348,0.683,TooWet,-0.00271,151.52,80.0
457,2025-11-23 13:00:11,2025-11-23 13:00:11.475676,21.29,51.94,2335,0.682,TooWet,-0.00266,154.22,80.0
458,2025-11-23 13:05:11,2025-11-23 13:05:11.421566,21.5,51.7,2271,0.682,TooWet,-0.00269,151.64,80.0
459,2025-11-23 13:10:11,2025-11-23 13:10:11.416571,21.45,52.15,2399,0.682,TooWet,-0.00264,154.86,80.0
460,2025-11-23 13:15:11,2025-11-23 13:15:11.409633,21.35,51.32,2409,0.682,TooWet,-0.00266,153.45,80.0
461,2025-11-23 13:20:11,2025-11-23 13:20:11.404247,21.26,51.9,2514,0.682,TooWet,-0.00262,156.65,80.0
462,2025-11-23 13:25:11,2025-11-23 13:25:11.398374,21.15,52.22,2462,0.682,TooWet,-0.0026,158.32,80.0
463,2025-11-23 13:30:11,2025-11-23 13:30:11.393155,21.32,53.89,2297,0.682,TooWet,-0.00258,160.3,80.0
464,2025-11-23 13:35:11,2025-11-23 13:35:11.387671,21.43,53.69,2324,0.681,TooWet,-0.00268,153.91,80.0
465,2025-11-23 13:40:11,2025-11-23 13:40:11.388747,21.53,53.71,533,0.68,TooWet,-0.00276,148.99,80.0
466,2025-11-23 13:45:11,2025-11-23 13:45:11.377495,21.62,53.71,331,0.68,TooWet,-0.00284,144.04,80.0
467,2025-11-23 13:50:11,2025-11-23 13:50:11.374329,21.59,54.16,402,0.68,TooWet,-0.00278,148.19,80.0
468,2025-11-23 13:55:11,2025-11-23 13:55:11.364569,21.63,54.06,506,0.68,TooWet,-0.00279,147.27,80.0
469,2025-11-23 14:00:11,2025-11-23 14:00:11.359933,21.7,53.64,2642,0.679,TooWet,-0.00283,144.23,80.0
470,2025-11-23 14:05:11,2025-11-23 14:05:11.354649,22.56,53.4,2618,0.679,TooWet,-0.00298,134.58,80.0
471,2025-11-23 14:10:11,2025-11-23 14:10:11.349058,23.02,51.36,2530,0.678,TooWet,-0.00307,127.67,80.0
472,2025-11-23 14:15:11,2025-11-23 14:15:11.343269,24.08,54.56,2506,0.677,TooWet,-0.00318,123.15,80.0
473,2025-11-23 14:20:11,2025-11-23 14:20:11.337999,25.39,49.36,2525,0.677,TooWet,-0.00327,112.26,80.0
474,2025-11-23 14:25:11,2025-11-23 14:25:11.331514,25.01,48.76,2515,0.676,TooWet,-0.00328,112.33,80.0
475,2025-11-23 14:30:11,2025-11-23 14:30:11.327255,23.69,52.2,2552,0.676,TooWet,-0.00334,115.75,80.0
476,2025-11-23 14:35:11,2025-11-23 14:35:11.321880,23.2,53.3,2580,0.675,TooWet,-0.00338,116.4,80.0
477,2025-11-23 14:40:11,2025-11-23 14:40:11.317844,22.99,53.77,2551,0.675,TooWet,-0.00344,114.87,80.0
478,2025-11-23 14:45:11,2025-11-23 14:45:11.316222,22.85,53.97,2555,0.675,TooWet,-0.0035,113.39,80.0
479,2025-11-23 14:50:11,2025-11-23 14:50:11.309745,22.76,54.16,2523,0.674,TooWet,-0.00351,113.32,80.0
480,2025-11-23 14:55:11,2025-11-23 14:55:11.305212,22.83,54.33,2519,0.674,TooWet,-0.00348,114.18,80.0
481,2025-11-23 15:00:11,2025-11-23 15:00:11.300551,22.89,53.89,2523,0.674,TooWet,-0.00348,113.87,80.0
482,2025-11-23 15:05:11,2025-11-23 15:05:11.297247,22.69,54.3,2521,0.675,TooWet,-0.00344,115.93,80.0
483,2025-11-23 15:10:11,2025-11-23 15:10:11.292091,22.63,55.52,2517,0.675,TooWet,-0.00342,117.54,80.0
484,2025-11-23 15:15:11,2025-11-23 15:15:11.288430,22.58,54.76,2525,0.675,TooWet,-0.00336,119.47,80.0
485,2025-11-23 15:20:11,2025-11-23 15:20:11.283195,22.44,55.27,2517,0.675,TooWet,-0.00333,120.93,80.0
486,2025-11-23 15:25:11,2025-11-23 15:25:11.281212,22.45,55.02,2519,0.675,TooWet,-0.00333,120.7,80.0
487,2025-11-23 15:30:11,2025-11-23 15:30:11.273806,22.38,55.26,2519,0.675,TooWet,-0.00333,121.05,80.0
488,2025-11-23 15:35:11,2025-11-23 15:35:11.268338,22.34,55.45,2519,0.675,TooWet,-0.00333,121.29,80.0
