,timestamp,full_time,temp,hum,light,soil,status,vpd,slopeh,eta,health,h_soil,h_temp,h_light,reasons,smart_msg,mood_state
0,09:28:40,2025-12-01 09:28:40.979534,0.0,0.0,0.0,0.0,Waiting...,0.0,0.0,-1.0,0,100,100.0,100,Init,System Initializing...,Happy
1,09:28:55,2025-12-01 09:28:55.012537,11.13,85.36,3061.0,0.41,OK,0.194,-0.001,154.02387370042354,72,100,40.0,70,"Too Cold, Too Bright",Plantie is growing ðŸŒ±,Happy
2,09:33:54,2025-12-01 09:33:54.833111,10.72,88.92,3053.0,0.41,OK,0.143,-0.001,155.5512346879253,70,100,40.0,70,"Too Cold, Too Bright",Plantie is growing ðŸŒ±,Happy
3,09:38:54,2025-12-01 09:38:54.623248,10.98,87.87,3059.0,0.41,OK,0.159,-0.001,155.06881178522966,71,100,40.0,70,"Too Cold, Too Bright",Plantie is growing ðŸŒ±,Happy
4,09:43:54,2025-12-01 09:43:54.605811,11.3,89.3,3055.0,0.41,OK,0.143,-0.001,155.5512346879253,72,100,40.0,70,"Too Cold, Too Bright",Plantie is growing ðŸŒ±,Happy
5,09:48:54,2025-12-01 09:48:54.628800,10.99,87.82,3055.0,0.41,OK,0.16,-0.001,155.03875968992244,71,100,40.0,70,"Too Cold, Too Bright",Plantie is growing ðŸŒ±,Happy
6,09:53:54,2025-12-01 09:53:54.573757,10.99,87.93,3048.0,0.41,OK,0.158,-0.001,155.09887553315235,69,100,40.0,70,"Too Cold, Too Bright",Plantie is growing ðŸŒ±,Happy
7,09:58:54,2025-12-01 09:58:54.570320,10.85,88.59,3049.0,0.41,OK,0.148,-0.001,155.40015540015537,72,100,40.0,70,"Too Cold, Too Bright",Plantie is growing ðŸŒ±,Happy
8,10:03:54,2025-12-01 10:03:54.617384,11.06,87.95,3052.0,0.42,OK,0.159,-0.001,164.7606125218065,72,100,40.0,70,"Too Cold, Too Bright",Plantie is growing ðŸŒ±,Happy
9,10:08:54,2025-12-01 10:08:54.526952,10.99,88.21,3049.0,0.42,OK,0.155,-0.001,164.88845780795342,72,100,40.0,70,"Too Cold, Too Bright",Plantie is growing ðŸŒ±,Happy
10,10:13:54,2025-12-01 10:13:54.551561,11.3,86.79,3055.0,0.41,OK,0.177,-0.001,154.52965037666598,72,100,40.0,70,"Too Cold, Too Bright",Plantie is growing ðŸŒ±,Happy
11,10:18:54,2025-12-01 10:18:54.621883,11.31,87.08,3055.0,0.42,OK,0.173,-0.001,164.31471099942004,70,100,40.0,70,"Too Cold, Too Bright",Plantie is growing ðŸŒ±,Happy
12,10:23:54,2025-12-01 10:23:54.564736,11.58,85.66,3061.0,0.41,OK,0.196,-0.001,153.9645881447267,69,100,40.0,70,"Too Cold, Too Bright",Plantie is growing ðŸŒ±,Happy
13,10:28:54,2025-12-01 10:28:54.535713,11.2,87.27,3055.0,0.41,OK,0.169,-0.001,154.76881408396204,69,100,40.0,70,"Too Cold, Too Bright",Plantie is growing ðŸŒ±,Happy
14,10:33:54,2025-12-01 10:33:54.557246,11.81,86.73,3060.0,0.42,OK,0.184,-0.001,163.96604938271602,71,100,40.0,70,"Too Cold, Too Bright",Plantie is growing ðŸŒ±,Happy
15,10:38:54,2025-12-01 10:38:54.607131,12.94,82.4,3055.0,0.42,OK,0.263,-0.001,161.50484514535432,72,100,40.0,70,"Too Cold, Too Bright",Plantie is growing ðŸŒ±,Happy
16,10:43:54,2025-12-01 10:43:54.599873,11.58,87.03,3061.0,0.42,OK,0.177,-0.001,164.1877535252076,70,100,40.0,70,"Too Cold, Too Bright",Plantie is growing ðŸŒ±,Happy
17,10:48:54,2025-12-01 10:48:54.510249,11.5,87.01,3054.0,0.42,OK,0.176,-0.001,164.2194744976816,70,100,40.0,70,"Too Cold, Too Bright",Plantie is growing ðŸŒ±,Happy
18,10:53:54,2025-12-01 10:53:54.512057,12.18,85.51,3061.0,0.42,OK,0.206,-0.001,163.27314636957357,69,100,40.0,70,"Too Cold, Too Bright",Plantie is growing ðŸŒ±,Happy
19,10:58:54,2025-12-01 10:58:54.505557,11.7,85.97,3051.0,0.42,OK,0.193,-0.001,163.68187945310993,69,100,40.0,70,"Too Cold, Too Bright",Plantie is growing ðŸŒ±,Happy
20,11:03:54,2025-12-01 11:03:54.468240,12.43,83.78,3061.0,0.42,OK,0.234,-0.001,162.39969430645775,69,100,40.0,70,"Too Cold, Too Bright",Plantie is growing ðŸŒ±,Happy
21,11:08:54,2025-12-01 11:08:54.556488,12.18,84.43,3061.0,0.42,OK,0.221,-0.001,162.80406052480365,72,100,40.0,70,"Too Cold, Too Bright",Plantie is growing ðŸŒ±,Happy
22,11:13:54,2025-12-01 11:13:54.516053,12.57,85.7,3064.0,0.42,OK,0.208,-0.001,163.21044546850993,71,100,40.0,70,"Too Cold, Too Bright",Plantie is growing ðŸŒ±,Happy
23,11:18:54,2025-12-01 11:18:54.635320,11.92,85.64,3055.0,0.42,OK,0.2,-0.001,163.46153846153842,71,100,40.0,70,"Too Cold, Too Bright",Plantie is growing ðŸŒ±,Happy
24,11:23:54,2025-12-01 11:23:54.548032,12.02,84.53,3060.0,0.43,OK,0.217,-0.001,172.51293847038525,70,100,40.0,70,"Too Cold, Too Bright",Plantie is growing ðŸŒ±,Happy
25,11:28:54,2025-12-01 11:28:54.424933,12.01,84.62,3055.0,0.43,OK,0.216,-0.001,172.54601226993867,70,100,40.0,70,"Too Cold, Too Bright",Plantie is growing ðŸŒ±,Happy
26,11:33:54,2025-12-01 11:33:54.538330,12.66,83.91,3064.0,0.43,OK,0.236,-0.001,171.88693659281896,69,100,40.0,70,"Too Cold, Too Bright",Plantie is growing ðŸŒ±,Happy
27,11:38:54,2025-12-01 11:38:54.424382,11.88,85.78,3060.0,0.43,OK,0.198,-0.001,173.1435167372066,71,100,40.0,70,"Too Cold, Too Bright",Plantie is growing ðŸŒ±,Happy
28,11:43:55,2025-12-01 11:43:55.231048,12.22,85.15,3063.0,0.43,OK,0.211,-0.001,172.71157167530225,72,100,40.0,70,"Too Cold, Too Bright",Plantie is growing ðŸŒ±,Happy
29,11:48:54,2025-12-01 11:48:54.362548,11.84,86.61,3063.0,0.43,OK,0.186,-0.001,173.5441573467027,72,100,40.0,70,"Too Cold, Too Bright",Plantie is growing ðŸŒ±,Happy
30,11:53:54,2025-12-01 11:53:54.378561,11.94,86.06,3064.0,0.43,OK,0.195,-0.001,173.2435033686237,71,100,40.0,70,"Too Cold, Too Bright",Plantie is growing ðŸŒ±,Happy
31,11:58:54,2025-12-01 11:58:54.398126,12.06,85.41,3064.0,0.43,OK,0.205,-0.001,172.9106628242075,70,100,40.0,70,"Too Cold, Too Bright",Plantie is growing ðŸŒ±,Happy
32,12:03:54,2025-12-01 12:03:54.453225,11.99,86.07,3061.0,0.43,OK,0.195,-0.001,173.2435033686237,70,100,40.0,70,"Too Cold, Too Bright",Plantie is growing ðŸŒ±,Happy
33,12:08:54,2025-12-01 12:08:54.476764,12.04,85.85,3061.0,0.43,OK,0.199,-0.001,173.11021350259665,70,100,40.0,70,"Too Cold, Too Bright",Plantie is growing ðŸŒ±,Happy
34,12:13:54,2025-12-01 12:13:54.338340,12.4,86.13,3063.0,0.43,OK,0.2,-0.001,173.07692307692307,70,100,40.0,70,"Too Cold, Too Bright",Plantie is growing ðŸŒ±,Happy
35,12:18:54,2025-12-01 12:18:54.404110,12.25,84.51,3061.0,0.43,OK,0.221,-0.001,172.3807699674392,70,100,40.0,70,"Too Cold, Too Bright",Plantie is growing ðŸŒ±,Happy
36,12:23:54,2025-12-01 12:23:54.340099,12.32,83.78,3063.0,0.43,OK,0.232,-0.001,172.0183486238532,69,100,40.0,70,"Too Cold, Too Bright",Plantie is growing ðŸŒ±,Happy
37,12:28:54,2025-12-01 12:28:54.309765,12.18,85.22,3063.0,0.43,OK,0.21,-0.001,172.7447216890595,72,100,40.0,70,"Too Cold, Too Bright",Plantie is growing ðŸŒ±,Happy
38,12:33:54,2025-12-01 12:33:54.324590,12.04,85.59,3063.0,0.43,OK,0.203,-0.001,172.9771285796656,69,100,40.0,70,"Too Cold, Too Bright",Plantie is growing ðŸŒ±,Happy
39,12:38:54,2025-12-01 12:38:54.301105,12.22,86.14,3061.0,0.43,OK,0.197,-0.001,173.17683278814698,72,100,40.0,70,"Too Cold, Too Bright",Plantie is growing ðŸŒ±,Happy
40,12:43:54,2025-12-01 12:43:54.290706,12.55,84.11,3056.0,0.43,OK,0.231,-0.001,172.05123303383675,72,100,40.0,70,"Too Cold, Too Bright",Plantie is growing ðŸŒ±,Happy
41,12:48:54,2025-12-01 12:48:54.331149,12.21,84.64,3067.0,0.43,OK,0.218,-0.001,172.47987734764277,70,100,40.0,70,"Too Cold, Too Bright",Plantie is growing ðŸŒ±,Happy
42,12:53:54,2025-12-01 12:53:54.334416,12.88,81.63,3067.0,0.43,OK,0.273,-0.001,170.68082685378343,69,100,40.0,70,"Too Cold, Too Bright",Plantie is growing ðŸŒ±,Happy
43,12:58:54,2025-12-01 12:58:54.328543,12.35,84.2,3063.0,0.43,OK,0.227,-0.001,172.18289649894774,72,100,40.0,70,"Too Cold, Too Bright",Plantie is growing ðŸŒ±,Happy
44,13:03:54,2025-12-01 13:03:54.304926,12.43,84.22,3063.0,0.43,OK,0.228,-0.001,172.14996174445292,69,100,40.0,70,"Too Cold, Too Bright",Plantie is growing ðŸŒ±,Happy
45,13:08:54,2025-12-01 13:08:54.257913,12.36,85.79,3061.0,0.43,OK,0.204,-0.001,172.94388931591084,70,100,40.0,70,"Too Cold, Too Bright",Plantie is growing ðŸŒ±,Happy
46,13:13:54,2025-12-01 13:13:54.255704,12.67,83.1,3061.0,0.43,OK,0.248,-0.001,171.49390243902437,70,100,40.0,70,"Too Cold, Too Bright",Plantie is growing ðŸŒ±,Happy
47,13:18:54,2025-12-01 13:18:54.357681,12.36,84.74,3061.0,0.43,OK,0.219,-0.001,172.44682889442421,71,100,40.0,70,"Too Cold, Too Bright",Plantie is growing ðŸŒ±,Happy
48,13:23:54,2025-12-01 13:23:54.271872,12.18,85.9,3059.0,0.43,OK,0.2,-0.001,173.07692307692307,70,100,40.0,70,"Too Cold, Too Bright",Plantie is growing ðŸŒ±,Happy
49,13:28:54,2025-12-01 13:28:54.260047,12.09,86.16,3065.0,0.43,OK,0.195,-0.001,173.2435033686237,69,100,40.0,70,"Too Cold, Too Bright",Plantie is growing ðŸŒ±,Happy
50,13:33:54,2025-12-01 13:33:54.257296,11.94,87.21,3065.0,0.44,OK,0.179,-0.001,183.433095192122,72,100,40.0,70,"Too Cold, Too Bright",Plantie is growing ðŸŒ±,Happy
51,13:38:54,2025-12-01 13:38:54.231619,12.08,87.4,3063.0,0.44,OK,0.178,-0.001,183.46852066434914,70,100,40.0,70,"Too Cold, Too Bright",Plantie is growing ðŸŒ±,Happy
52,13:43:54,2025-12-01 13:43:54.229160,12.14,87.1,3055.0,0.44,OK,0.183,-0.001,183.2915300019294,70,100,40.0,70,"Too Cold, Too Bright",Plantie is growing ðŸŒ±,Happy
53,13:48:54,2025-12-01 13:48:54.240856,11.97,88.31,3065.0,0.44,OK,0.164,-0.001,183.96591789310614,70,100,40.0,70,"Too Cold, Too Bright",Plantie is growing ðŸŒ±,Happy
54,13:53:54,2025-12-01 13:53:54.279823,13.42,83.05,3064.0,0.44,OK,0.261,-0.001,180.57403535449535,72,100,40.0,70,"Too Cold, Too Bright",Plantie is growing ðŸŒ±,Happy
55,13:58:54,2025-12-01 13:58:54.192643,12.28,86.22,3064.0,0.44,OK,0.197,-0.001,182.79776794304405,71,100,40.0,70,"Too Cold, Too Bright",Plantie is growing ðŸŒ±,Happy
56,14:03:54,2025-12-01 14:03:54.256186,12.25,86.4,3064.0,0.44,OK,0.194,-0.001,182.903350019253,70,100,40.0,70,"Too Cold, Too Bright",Plantie is growing ðŸŒ±,Happy
57,14:08:54,2025-12-01 14:08:54.679315,12.79,83.58,3059.0,0.43,OK,0.243,-0.001,171.65744802593935,71,100,40.0,70,"Too Cold, Too Bright",Plantie is growing ðŸŒ±,Happy
58,14:13:54,2025-12-01 14:13:54.171560,12.6,84.87,3063.0,0.44,OK,0.221,-0.001,181.95747941007468,71,100,40.0,70,"Too Cold, Too Bright",Plantie is growing ðŸŒ±,Happy
59,14:18:54,2025-12-01 14:18:54.159530,12.5,85.0,3063.0,0.44,OK,0.217,-0.001,182.0969906076289,70,100,40.0,70,"Too Cold, Too Bright",Plantie is growing ðŸŒ±,Happy
60,14:23:54,2025-12-01 14:23:54.249101,12.67,83.6,3061.0,0.44,OK,0.24,-0.001,181.29770992366412,69,100,40.0,70,"Too Cold, Too Bright",Plantie is growing ðŸŒ±,Happy
61,14:28:54,2025-12-01 14:28:54.146670,12.46,84.72,3065.0,0.44,OK,0.221,-0.001,181.95747941007468,71,100,40.0,70,"Too Cold, Too Bright",Plantie is growing ðŸŒ±,Happy
62,14:33:54,2025-12-01 14:33:54.126002,12.17,86.46,3059.0,0.44,OK,0.192,-0.001,182.9738058551618,70,100,40.0,70,"Too Cold, Too Bright",Plantie is growing ðŸŒ±,Happy
63,14:38:54,2025-12-01 14:38:54.363265,12.94,83.45,3061.0,0.44,OK,0.247,-0.001,181.05584143319993,72,100,40.0,70,"Too Cold, Too Bright",Plantie is growing ðŸŒ±,Happy
64,14:41:07,2025-12-01 14:41:07.671817,12.46,85.13,3054.0,0.44,OK,0.215,-0.001,182.16682646212848,72,100,40.0,70,"Too Cold, Too Bright",Plantie is growing ðŸŒ±,Happy
65,14:46:07,2025-12-01 14:46:07.606929,12.19,86.76,3035.0,0.44,OK,0.188,-0.001,183.1148804934464,69,100,40.0,70,"Too Cold, Too Bright",Plantie is growing ðŸŒ±,Happy
66,14:51:07,2025-12-01 14:51:07.644349,12.8,86.68,3065.0,0.44,OK,0.197,-0.001,182.79776794304405,71,100,40.0,70,"Too Cold, Too Bright",Plantie is growing ðŸŒ±,Happy
67,14:56:07,2025-12-01 14:56:07.569420,12.9,86.16,3065.0,0.44,OK,0.206,-0.001,182.48175182481754,72,100,40.0,70,"Too Cold, Too Bright",Plantie is growing ðŸŒ±,Happy
68,15:01:07,2025-12-01 15:01:07.710604,12.25,87.34,3067.0,0.44,OK,0.181,-0.001,183.3622852731133,70,100,40.0,70,"Too Cold, Too Bright",Plantie is growing ðŸŒ±,Happy
69,15:06:07,2025-12-01 15:06:07.751309,12.53,85.72,3015.0,0.44,OK,0.207,-0.001,182.44670635682732,70,100,40.0,70,"Too Cold, Too Bright",Plantie is growing ðŸŒ±,Happy
70,15:11:07,2025-12-01 15:11:07.683411,12.81,85.42,2992.0,0.43,OK,0.216,-0.001,172.54601226993867,69,100,40.0,70,"Too Cold, Too Bright",Plantie is growing ðŸŒ±,Happy
71,15:16:07,2025-12-01 15:16:07.691083,12.26,88.25,2852.0,0.44,OK,0.168,-0.001,183.8235294117647,69,100,40.0,70,"Too Cold, Too Bright",Plantie is growing ðŸŒ±,Happy
72,15:21:07,2025-12-01 15:21:07.633311,12.72,88.32,2783.0,0.44,OK,0.172,-0.001,183.6813611755607,71,100,40.0,70,"Too Cold, Too Bright",Plantie is growing ðŸŒ±,Happy
73,15:26:07,2025-12-01 15:26:07.662657,12.14,88.61,2421.0,0.44,OK,0.161,-0.001,184.07285409804302,78,100,40.0,100,Too Cold,Plantie is growing ðŸŒ±,Happy
74,15:31:07,2025-12-01 15:31:07.626284,12.09,89.01,2507.0,0.44,OK,0.155,-0.001,184.2870999030068,69,100,40.0,70,"Too Cold, Too Bright",Plantie is growing ðŸŒ±,Happy
75,15:36:07,2025-12-01 15:36:07.648454,12.01,89.42,2217.0,0.44,OK,0.148,-0.001,184.53768453768453,78,100,40.0,100,Too Cold,Plantie is growing ðŸŒ±,Happy
76,15:41:07,2025-12-01 15:41:07.538325,11.92,89.38,2091.0,0.44,OK,0.148,-0.001,184.53768453768453,76,100,40.0,100,Too Cold,Plantie is growing ðŸŒ±,Happy
77,15:46:07,2025-12-01 15:46:07.675454,11.99,88.89,1849.0,0.44,OK,0.156,-0.001,184.25135764158264,78,100,40.0,100,Too Cold,Plantie is growing ðŸŒ±,Happy
78,15:51:07,2025-12-01 15:51:07.538290,11.84,89.84,1456.0,0.44,OK,0.141,-0.001,184.78895156584323,76,100,40.0,100,Too Cold,Plantie is growing ðŸŒ±,Happy
79,15:56:07,2025-12-01 15:56:07.622046,11.85,90.29,1041.0,0.44,OK,0.135,-0.001,185.00486854917236,77,100,40.0,100,Too Cold,Plantie is growing ðŸŒ±,Happy
80,16:01:07,2025-12-01 16:01:07.509549,12.52,87.01,837.0,0.44,OK,0.189,-0.001,183.07959144343803,76,100,40.0,100,Too Cold,Plantie is growing ðŸŒ±,Happy
81,16:06:07,2025-12-01 16:06:07.562438,12.04,89.94,518.0,0.44,OK,0.141,-0.001,184.78895156584323,77,100,40.0,100,Too Cold,Plantie is growing ðŸŒ±,Happy
82,16:11:07,2025-12-01 16:11:07.500419,12.32,89.58,367.0,0.44,OK,0.149,-0.001,184.50184501845018,75,100,40.0,100,Too Cold,Plantie is growing ðŸŒ±,Happy
83,16:16:07,2025-12-01 16:16:07.516639,12.01,89.19,287.0,0.44,OK,0.152,-0.001,184.3944099378882,76,100,40.0,100,Too Cold,Plantie is growing ðŸŒ±,Happy
84,16:21:07,2025-12-01 16:21:07.422329,12.02,89.28,239.0,0.44,OK,0.151,-0.001,184.43020772665503,75,100,40.0,100,Too Cold,Plantie is growing ðŸŒ±,Happy
85,16:26:07,2025-12-01 16:26:07.485617,12.15,88.09,216.0,0.44,OK,0.169,-0.001,183.78796672470497,75,100,40.0,100,Too Cold,Plantie is growing ðŸŒ±,Happy
86,16:31:07,2025-12-01 16:31:07.418042,12.25,86.93,215.0,0.44,OK,0.186,-0.001,183.1854994215195,78,100,40.0,100,Too Cold,Plantie is growing ðŸŒ±,Happy
87,16:36:07,2025-12-01 16:36:07.602863,12.52,86.03,200.0,0.44,OK,0.203,-0.001,182.58696905631368,75,100,40.0,100,Too Cold,Plantie is growing ðŸŒ±,Happy
88,16:41:07,2025-12-01 16:41:07.420042,12.76,84.69,199.0,0.44,OK,0.226,-0.001,181.78339073861463,68,100,40.0,60,"Too Cold, Low Light",Plantie is growing ðŸŒ±,Happy
89,16:46:07,2025-12-01 16:46:07.576458,12.18,87.16,201.0,0.44,OK,0.182,-0.001,183.32690081049788,77,100,40.0,100,Too Cold,Plantie is growing ðŸŒ±,Happy
90,16:51:07,2025-12-01 16:51:07.385299,12.15,87.18,211.0,0.44,OK,0.182,-0.001,183.32690081049788,75,100,40.0,100,Too Cold,Plantie is growing ðŸŒ±,Happy
91,16:56:07,2025-12-01 16:56:07.567517,12.09,88.03,203.0,0.44,OK,0.169,-0.001,183.78796672470497,77,100,40.0,100,Too Cold,Plantie is growing ðŸŒ±,Happy
92,17:01:07,2025-12-01 17:01:07.370728,12.63,85.04,169.0,0.44,OK,0.219,-0.001,182.02720827744778,67,100,40.0,60,"Too Cold, Low Light",Plantie is growing ðŸŒ±,Happy
93,17:06:07,2025-12-01 17:06:07.522431,12.25,86.93,175.0,0.44,OK,0.186,-0.001,183.1854994215195,68,100,40.0,60,"Too Cold, Low Light",Plantie is growing ðŸŒ±,Happy
94,17:11:07,2025-12-01 17:11:07.544476,12.45,85.89,180.0,0.44,OK,0.204,-0.001,182.5518831667948,67,100,40.0,60,"Too Cold, Low Light",Plantie is growing ðŸŒ±,Happy
95,17:16:07,2025-12-01 17:16:07.456952,12.57,84.9,182.0,0.44,OK,0.22,-0.001,181.99233716475095,70,100,40.0,60,"Too Cold, Low Light",Plantie is growing ðŸŒ±,Happy
96,17:21:07,2025-12-01 17:21:07.329744,12.77,86.14,172.0,0.44,OK,0.204,-0.001,182.5518831667948,70,100,40.0,60,"Too Cold, Low Light",Plantie is growing ðŸŒ±,Happy
97,17:26:07,2025-12-01 17:26:07.800817,12.3,86.77,173.0,0.44,OK,0.189,-0.001,183.07959144343803,67,100,40.0,60,"Too Cold, Low Light",Plantie is growing ðŸŒ±,Happy
98,17:31:07,2025-12-01 17:31:07.262137,12.61,85.49,169.0,0.44,OK,0.212,-0.001,182.2716807367613,70,100,40.0,60,"Too Cold, Low Light",Plantie is growing ðŸŒ±,Happy
99,17:36:07,2025-12-01 17:36:07.409373,12.77,86.32,181.0,0.44,OK,0.202,-0.001,182.62206843521722,69,100,40.0,60,"Too Cold, Low Light",Plantie is growing ðŸŒ±,Happy
100,17:41:07,2025-12-01 17:41:07.437395,12.32,87.04,179.0,0.44,OK,0.186,-0.001,183.1854994215195,67,100,40.0,60,"Too Cold, Low Light",Plantie is growing ðŸŒ±,Happy
101,17:46:07,2025-12-01 17:46:07.395866,13.12,81.48,182.0,0.44,OK,0.28,-0.001,179.9242424242424,67,100,40.0,60,"Too Cold, Low Light",Plantie is growing ðŸŒ±,Happy
102,17:51:07,2025-12-01 17:51:07.406372,12.63,83.18,181.0,0.44,OK,0.246,-0.001,181.0903545558521,68,100,40.0,60,"Too Cold, Low Light",Plantie is growing ðŸŒ±,Happy
103,17:56:07,2025-12-01 17:56:07.292520,12.86,81.38,176.0,0.44,OK,0.276,-0.001,180.06065200909782,69,100,40.0,60,"Too Cold, Low Light",Plantie is growing ðŸŒ±,Happy
104,18:01:07,2025-12-01 18:01:07.422550,12.79,84.01,171.0,0.44,OK,0.236,-0.001,181.43621084797556,70,100,40.0,60,"Too Cold, Low Light",Plantie is growing ðŸŒ±,Happy
105,18:06:07,2025-12-01 18:06:07.326692,12.97,83.93,171.0,0.44,OK,0.24,-0.001,181.29770992366412,70,100,40.0,60,"Too Cold, Low Light",Plantie is growing ðŸŒ±,Happy
106,18:11:07,2025-12-01 18:11:07.355671,12.26,85.3,181.0,0.44,OK,0.21,-0.001,182.34165067178503,67,100,40.0,60,"Too Cold, Low Light",Plantie is growing ðŸŒ±,Happy
107,18:16:07,2025-12-01 18:16:07.293383,12.46,85.4,181.0,0.44,OK,0.211,-0.001,182.30665899059682,70,100,40.0,60,"Too Cold, Low Light",Plantie is growing ðŸŒ±,Happy
108,18:21:07,2025-12-01 18:21:07.314040,11.98,87.65,175.0,0.44,OK,0.173,-0.001,183.64585346994008,68,100,40.0,60,"Too Cold, Low Light",Plantie is growing ðŸŒ±,Happy
109,18:26:07,2025-12-01 18:26:07.290634,12.04,87.65,185.0,0.44,OK,0.174,-0.001,183.6103594897565,70,100,40.0,60,"Too Cold, Low Light",Plantie is growing ðŸŒ±,Happy
110,18:31:07,2025-12-01 18:31:07.295102,11.97,87.55,181.0,0.44,OK,0.174,-0.001,183.6103594897565,68,100,40.0,60,"Too Cold, Low Light",Plantie is growing ðŸŒ±,Happy
111,18:36:07,2025-12-01 18:36:07.332422,12.04,87.22,182.0,0.44,OK,0.18,-0.001,183.39768339768338,68,100,40.0,60,"Too Cold, Low Light",Plantie is growing ðŸŒ±,Happy
112,18:41:07,2025-12-01 18:41:07.257368,12.21,85.82,181.0,0.44,OK,0.202,-0.001,182.62206843521722,69,100,40.0,60,"Too Cold, Low Light",Plantie is growing ðŸŒ±,Happy
113,18:46:07,2025-12-01 18:46:07.186190,12.28,85.3,183.0,0.44,OK,0.21,-0.001,182.34165067178503,68,100,40.0,60,"Too Cold, Low Light",Plantie is growing ðŸŒ±,Happy
114,18:51:07,2025-12-01 18:51:07.340170,12.29,84.39,174.0,0.44,OK,0.223,-0.001,181.88780394409343,70,100,40.0,60,"Too Cold, Low Light",Plantie is growing ðŸŒ±,Happy
115,18:56:07,2025-12-01 18:56:07.178058,13.18,80.13,197.0,0.44,OK,0.301,-0.001,179.21146953405017,69,100,40.0,60,"Too Cold, Low Light",Plantie is growing ðŸŒ±,Happy
116,19:01:07,2025-12-01 19:01:07.318380,13.19,83.65,189.0,0.44,OK,0.248,-0.001,181.02134146341461,71,100,40.0,70,"Too Cold, Night Light",Plantie is growing ðŸŒ±,Happy
117,19:06:07,2025-12-01 19:06:07.351891,12.57,82.4,188.0,0.44,OK,0.256,-0.001,180.74581430745815,72,100,40.0,70,"Too Cold, Night Light",Plantie is growing ðŸŒ±,Happy
118,19:11:07,2025-12-01 19:11:07.341890,12.93,82.63,190.0,0.44,OK,0.259,-0.001,180.6427077391139,70,100,40.0,70,"Too Cold, Night Light",Plantie is growing ðŸŒ±,Happy
119,19:16:07,2025-12-01 19:16:07.127940,12.68,81.87,190.0,0.44,OK,0.266,-0.001,180.4025826053931,71,100,40.0,70,"Too Cold, Night Light",Plantie is growing ðŸŒ±,Happy
120,19:21:07,2025-12-01 19:21:07.257494,12.5,82.89,203.0,0.44,OK,0.248,-0.001,181.02134146341461,69,100,40.0,70,"Too Cold, Night Light",Plantie is growing ðŸŒ±,Happy
121,19:26:07,2025-12-01 19:26:07.307662,12.55,83.5,203.0,0.44,OK,0.24,-0.001,181.29770992366412,71,100,40.0,70,"Too Cold, Night Light",Plantie is growing ðŸŒ±,Happy
122,19:31:07,2025-12-01 19:31:07.232082,13.44,78.63,181.0,0.44,OK,0.329,-0.001,178.26984424845185,70,100,40.0,70,"Too Cold, Night Light",Plantie is growing ðŸŒ±,Happy
123,19:36:07,2025-12-01 19:36:07.261014,12.63,81.0,175.0,0.44,OK,0.278,-0.001,179.9924213717317,71,100,40.0,70,"Too Cold, Night Light",Plantie is growing ðŸŒ±,Happy
124,19:41:07,2025-12-01 19:41:07.192110,13.72,84.06,175.0,0.44,OK,0.25,-0.001,180.95238095238093,72,100,40.0,70,"Too Cold, Night Light",Plantie is growing ðŸŒ±,Happy
125,19:46:07,2025-12-01 19:46:07.251366,12.66,81.64,181.0,0.44,OK,0.269,-0.001,180.2998671474663,70,100,40.0,70,"Too Cold, Night Light",Plantie is growing ðŸŒ±,Happy
126,19:51:07,2025-12-01 19:51:07.163037,13.16,79.81,183.0,0.44,OK,0.306,-0.001,179.0425932906144,71,100,40.0,70,"Too Cold, Night Light",Plantie is growing ðŸŒ±,Happy
127,19:56:07,2025-12-01 19:56:07.215462,13.25,78.68,179.0,0.44,OK,0.325,-0.001,178.4037558685446,71,100,40.0,70,"Too Cold, Night Light",Plantie is growing ðŸŒ±,Happy
128,20:01:07,2025-12-01 20:01:07.129821,12.6,80.71,176.0,0.44,OK,0.281,-0.001,179.89017231584927,69,100,40.0,70,"Too Cold, Night Light",Plantie is growing ðŸŒ±,Happy
129,20:06:07,2025-12-01 20:06:07.193067,12.57,81.27,183.0,0.45,OK,0.273,-0.001,189.64536317087047,71,100,40.0,70,"Too Cold, Night Light",Plantie is growing ðŸŒ±,Happy
130,20:11:07,2025-12-01 20:11:07.116954,12.19,81.72,181.0,0.45,OK,0.26,-0.001,190.11406844106463,71,100,40.0,70,"Too Cold, Night Light",Plantie is growing ðŸŒ±,Happy
131,20:16:07,2025-12-01 20:16:07.177735,11.97,84.32,179.0,0.45,OK,0.219,-0.001,191.60758766047135,71,100,40.0,70,"Too Cold, Night Light",Plantie is growing ðŸŒ±,Happy
132,20:21:07,2025-12-01 20:21:07.075884,11.64,88.63,184.0,0.45,OK,0.156,-0.001,193.9487975174554,71,100,40.0,70,"Too Cold, Night Light",Plantie is growing ðŸŒ±,Happy
133,20:26:07,2025-12-01 20:26:07.121679,12.4,90.02,179.0,0.45,OK,0.144,-0.001,194.4012441679627,69,100,40.0,70,"Too Cold, Night Light",Plantie is growing ðŸŒ±,Happy
134,20:31:07,2025-12-01 20:31:07.068318,13.15,86.47,190.0,0.45,OK,0.205,-0.001,192.1229586935639,71,100,40.0,70,"Too Cold, Night Light",Plantie is growing ðŸŒ±,Happy
135,20:36:07,2025-12-01 20:36:07.185580,11.61,88.98,186.0,0.45,OK,0.151,-0.001,194.1370607649,70,100,40.0,70,"Too Cold, Night Light",Plantie is growing ðŸŒ±,Happy
136,20:41:07,2025-12-01 20:41:07.132624,11.37,91.0,197.0,0.45,OK,0.121,-0.001,195.27436047646944,70,100,40.0,70,"Too Cold, Night Light",Plantie is growing ðŸŒ±,Happy
137,20:46:07,2025-12-01 20:46:07.389640,11.3,90.35,179.0,0.46,OK,0.129,-0.001,204.71826866835642,70,100,40.0,70,"Too Cold, Night Light",Plantie is growing ðŸŒ±,Happy
138,20:51:06,2025-12-01 20:51:06.967295,11.1,89.98,191.0,0.46,OK,0.132,-0.001,204.59859703819177,69,100,40.0,70,"Too Cold, Night Light",Plantie is growing ðŸŒ±,Happy
139,20:56:07,2025-12-01 20:56:07.163300,11.12,90.48,187.0,0.46,OK,0.126,-0.001,204.83808037456112,72,100,40.0,70,"Too Cold, Night Light",Plantie is growing ðŸŒ±,Happy
140,21:01:06,2025-12-01 21:01:06.969413,11.29,90.96,186.0,0.46,OK,0.121,-0.001,205.03807850029293,72,100,40.0,70,"Too Cold, Night Light",Plantie is growing ðŸŒ±,Happy
141,21:06:07,2025-12-01 21:06:07.124437,11.22,89.69,179.0,0.46,OK,0.137,-0.001,204.39945493478686,71,100,40.0,70,"Too Cold, Night Light",Plantie is growing ðŸŒ±,Happy
142,21:11:07,2025-12-01 21:11:07.014792,11.13,88.96,183.0,0.46,OK,0.146,-0.001,204.041974349009,71,100,40.0,70,"Too Cold, Night Light",Plantie is growing ðŸŒ±,Happy
143,21:16:07,2025-12-01 21:16:07.063424,11.15,89.21,182.0,0.46,OK,0.143,-0.001,204.16099552790203,72,100,40.0,70,"Too Cold, Night Light",Plantie is growing ðŸŒ±,Happy
144,21:21:06,2025-12-01 21:21:06.956405,11.67,86.59,183.0,0.46,OK,0.184,-0.001,202.54629629629633,71,100,40.0,70,"Too Cold, Night Light",Plantie is growing ðŸŒ±,Happy
145,21:26:07,2025-12-01 21:26:07.066144,11.29,88.3,181.0,0.46,OK,0.157,-0.001,203.60674810936592,72,100,40.0,70,"Too Cold, Night Light",Plantie is growing ðŸŒ±,Happy
146,21:31:07,2025-12-01 21:31:07.092238,12.84,87.45,183.0,0.46,OK,0.186,-0.001,202.46818357115316,71,100,40.0,70,"Too Cold, Night Light",Plantie is growing ðŸŒ±,Happy
147,21:36:07,2025-12-01 21:36:07.038661,11.56,86.66,185.0,0.46,OK,0.182,-0.001,202.6244693168661,72,100,40.0,70,"Too Cold, Night Light",Plantie is growing ðŸŒ±,Happy
148,21:41:06,2025-12-01 21:41:06.931515,11.39,87.68,181.0,0.46,OK,0.166,-0.001,203.25203252032526,69,100,40.0,70,"Too Cold, Night Light",Plantie is growing ðŸŒ±,Happy
149,21:46:06,2025-12-01 21:46:06.983895,12.18,83.77,181.0,0.46,OK,0.23,-0.001,200.76481835564056,69,100,40.0,70,"Too Cold, Night Light",Plantie is growing ðŸŒ±,Happy
150,21:51:07,2025-12-01 21:51:07.023968,11.29,88.32,187.0,0.46,OK,0.156,-0.001,203.64623739332822,70,100,40.0,70,"Too Cold, Night Light",Plantie is growing ðŸŒ±,Happy
151,21:56:06,2025-12-01 21:56:06.944843,12.61,86.19,173.0,0.46,OK,0.202,-0.001,201.84544405997696,69,100,40.0,70,"Too Cold, Night Light",Plantie is growing ðŸŒ±,Happy
152,22:01:06,2025-12-01 22:01:06.874334,11.58,91.52,201.0,0.46,OK,0.116,-0.001,205.2384675527756,71,100,40.0,70,"Too Cold, Night Light",Plantie is sleeping ðŸ’¤,Sleepy
153,22:06:07,2025-12-01 22:06:07.084480,11.13,92.78,199.0,0.46,OK,0.096,-0.001,206.04395604395606,70,100,40.0,70,"Too Cold, Night Light",Plantie is sleeping ðŸ’¤,Sleepy
154,22:11:06,2025-12-01 22:11:06.961618,17.35,78.55,1307.0,0.46,OK,0.425,-0.001,193.54838709677423,72,100,46.80000000000001,70,"Too Cold, Night Light",Plantie is sleeping ðŸ’¤,Sleepy
155,22:16:06,2025-12-01 22:16:06.884564,19.89,65.25,1311.0,0.45,OK,0.807,-0.001,172.20595832615808,80,100,67.12,70,"Too Cold, Night Light",Plantie is sleeping ðŸ’¤,Sleepy
156,22:21:06,2025-12-01 22:21:06.932989,20.47,61.46,1445.0,0.45,OK,0.928,-0.001,168.69095816464238,81,100,71.75999999999999,70,"Too Cold, Night Light",Plantie is sleeping ðŸ’¤,Sleepy
157,22:26:07,2025-12-01 22:26:07.240135,20.83,60.62,1383.0,0.45,OK,0.969,-0.001,167.53224995811695,80,100,74.63999999999999,70,"Too Cold, Night Light",Plantie is sleeping ðŸ’¤,Sleepy
158,22:31:06,2025-12-01 22:31:06.799363,20.74,60.76,1327.0,0.44,OK,0.96,-0.001,159.39597315436242,81,100,73.91999999999999,70,"Too Cold, Night Light",Plantie is sleeping ðŸ’¤,Sleepy
159,22:36:06,2025-12-01 22:36:06.776381,20.56,60.89,1311.0,0.44,OK,0.947,-0.001,159.7444089456869,80,100,72.47999999999999,70,"Too Cold, Night Light",Plantie is sleeping ðŸ’¤,Sleepy
160,22:41:06,2025-12-01 22:41:06.957789,20.57,61.24,1301.0,0.44,OK,0.939,-0.001,159.95958915642365,80,100,72.56,70,"Too Cold, Night Light",Plantie is sleeping ðŸ’¤,Sleepy
161,22:46:06,2025-12-01 22:46:06.759748,20.61,61.16,1260.0,0.44,OK,0.943,-0.001,159.85192663637892,82,100,72.88,70,"Too Cold, Night Light",Plantie is sleeping ðŸ’¤,Sleepy
162,22:51:06,2025-12-01 22:51:06.930350,20.83,60.68,1194.0,0.44,OK,0.968,-0.001,159.1823056300268,83,100,74.63999999999999,70,"Too Cold, Night Light",Plantie is sleeping ðŸ’¤,Sleepy
163,22:56:06,2025-12-01 22:56:06.754775,20.9,60.93,1141.0,0.44,OK,0.966,-0.001,159.23566878980893,82,100,75.19999999999999,70,"Too Cold, Night Light",Plantie is sleeping ðŸ’¤,Sleepy
164,23:01:06,2025-12-01 23:01:06.924011,21.15,61.74,953.0,0.45,OK,0.96,-0.001,167.78523489932886,82,100,77.19999999999999,70,"Too Cold, Night Light",Plantie is sleeping ðŸ’¤,Sleepy
165,23:06:06,2025-12-01 23:06:06.768974,21.14,60.46,924.0,0.45,OK,0.992,-0.001,166.88918558077438,82,100,77.12,70,"Too Cold, Night Light",Plantie is sleeping ðŸ’¤,Sleepy
166,23:11:06,2025-12-01 23:11:06.893337,21.39,60.19,827.0,0.45,OK,1.014,-0.001,166.27868307283006,83,100,79.12,70,"Too Cold, Night Light",Plantie is sleeping ðŸ’¤,Sleepy
167,23:16:06,2025-12-01 23:16:06.878859,21.22,60.55,827.0,0.45,OK,0.994,-0.001,166.8335001668335,83,100,77.75999999999999,70,"Too Cold, Night Light",Plantie is sleeping ðŸ’¤,Sleepy
168,23:21:06,2025-12-01 23:21:06.714350,21.28,60.57,853.0,0.45,OK,0.998,-0.001,166.72224074691565,81,100,78.24000000000001,70,"Too Cold, Night Light",Plantie is sleeping ðŸ’¤,Sleepy
169,23:26:06,2025-12-01 23:26:06.725554,20.78,60.79,11.0,0.45,OK,0.962,-0.001,167.72895001677287,86,100,74.24000000000001,100,Too Cold,Plantie is sleeping ðŸ’¤,Sleepy
170,23:31:06,2025-12-01 23:31:06.839363,20.68,61.35,16.0,0.45,OK,0.942,-0.001,168.29350387075058,85,100,73.44,100,Too Cold,Plantie is sleeping ðŸ’¤,Sleepy
171,23:36:06,2025-12-01 23:36:06.697977,20.53,61.11,11.0,0.46,OK,0.94,-0.001,176.7676767676768,85,100,72.24000000000001,100,Too Cold,Plantie is sleeping ðŸ’¤,Sleepy
172,23:41:06,2025-12-01 23:41:06.800379,20.48,61.07,13.0,0.46,OK,0.938,-0.001,176.8272145503537,87,100,71.84,100,Too Cold,Plantie is sleeping ðŸ’¤,Sleepy
173,23:46:06,2025-12-01 23:46:06.683602,20.44,60.99,13.0,0.46,OK,0.937,-0.001,176.85699848408288,86,100,71.52000000000001,100,Too Cold,Plantie is sleeping ðŸ’¤,Sleepy
174,23:51:06,2025-12-01 23:51:06.742495,20.37,61.11,17.0,0.46,OK,0.93,-0.001,177.0657672849916,86,100,70.96000000000001,100,Too Cold,Plantie is sleeping ðŸ’¤,Sleepy
175,23:56:06,2025-12-01 23:56:06.811911,20.26,60.62,17.0,0.46,OK,0.936,-0.001,176.8867924528302,86,100,70.08000000000001,100,Too Cold,Plantie is sleeping ðŸ’¤,Sleepy
176,00:01:06,2025-12-02 00:01:06.646298,20.13,60.57,17.0,0.47,OK,0.929,-0.001,185.52875695732837,85,100,69.03999999999999,100,Too Cold,Plantie is sleeping ðŸ’¤,Sleepy
177,00:06:06,2025-12-02 00:06:06.789737,20.15,60.73,17.0,0.47,OK,0.927,-0.001,185.5913615657162,87,100,69.19999999999999,100,Too Cold,Plantie is sleeping ðŸ’¤,Sleepy
178,00:11:06,2025-12-02 00:11:06.694363,20.04,60.67,18.0,0.47,OK,0.922,-0.001,185.7480580884836,86,100,68.32,100,Too Cold,Plantie is sleeping ðŸ’¤,Sleepy
179,00:16:06,2025-12-02 00:16:06.749174,20.13,60.46,17.0,0.47,OK,0.932,-0.001,185.43492919757247,87,100,69.03999999999999,100,Too Cold,Plantie is sleeping ðŸ’¤,Sleepy
180,00:21:06,2025-12-02 00:21:06.659130,19.96,60.45,19.0,0.47,OK,0.923,-0.001,185.71669761944958,85,100,67.68,100,Too Cold,Plantie is sleeping ðŸ’¤,Sleepy
181,00:26:06,2025-12-02 00:26:06.721928,19.9,60.4,17.0,0.47,OK,0.92,-0.001,185.8108108108108,83,100,67.19999999999999,100,Too Cold,Plantie is sleeping ðŸ’¤,Sleepy
182,00:31:06,2025-12-02 00:31:06.638435,19.81,60.38,19.0,0.48,OK,0.916,-0.001,194.38810006761324,85,100,66.47999999999999,100,Too Cold,Plantie is sleeping ðŸ’¤,Sleepy
183,00:36:06,2025-12-02 00:36:06.735768,19.85,60.36,19.0,0.48,OK,0.918,-0.001,194.32240621831698,86,100,66.80000000000001,100,Too Cold,Plantie is sleeping ðŸ’¤,Sleepy
184,00:41:06,2025-12-02 00:41:06.584040,19.75,60.42,17.0,0.48,OK,0.911,-0.001,194.55252918287937,86,100,66.0,100,Too Cold,Plantie is sleeping ðŸ’¤,Sleepy
185,00:46:06,2025-12-02 00:46:06.720403,19.64,59.97,18.0,0.48,OK,0.915,-0.001,194.42096365173285,84,100,65.12,100,Too Cold,Plantie is sleeping ðŸ’¤,Sleepy
186,00:51:06,2025-12-02 00:51:06.567539,19.64,59.79,17.0,0.48,OK,0.919,-0.001,194.28957594188205,85,100,65.12,100,Too Cold,Plantie is sleeping ðŸ’¤,Sleepy
187,00:56:06,2025-12-02 00:56:06.718406,19.5,60.12,18.0,0.48,OK,0.904,-0.001,194.78319783197827,83,100,64.0,100,Too Cold,Plantie is sleeping ðŸ’¤,Sleepy
188,01:01:06,2025-12-02 01:01:06.560306,19.57,59.84,19.0,0.48,OK,0.914,-0.001,194.4538383496787,83,100,64.56,100,Too Cold,Plantie is sleeping ðŸ’¤,Sleepy
189,01:06:06,2025-12-02 01:06:06.688382,19.58,59.77,18.0,0.49,OK,0.917,-0.001,202.80547574784518,85,100,64.63999999999999,100,Too Cold,Plantie is sleeping ðŸ’¤,Sleepy
190,01:11:06,2025-12-02 01:11:06.558042,19.54,59.72,16.0,0.49,OK,0.915,-0.001,202.87404902789518,82,100,64.32,100,Too Cold,Plantie is sleeping ðŸ’¤,Sleepy
191,01:16:06,2025-12-02 01:16:06.654169,19.44,59.67,19.0,0.49,OK,0.911,-0.001,203.0113347995263,84,100,63.52000000000001,100,Too Cold,Plantie is sleeping ðŸ’¤,Sleepy
192,01:21:06,2025-12-02 01:21:06.536664,19.34,59.54,18.0,0.49,OK,0.908,-0.001,203.1144211238998,84,100,62.72,100,Too Cold,Plantie is sleeping ðŸ’¤,Sleepy
193,01:26:06,2025-12-02 01:26:06.520801,19.37,59.72,17.0,0.49,OK,0.906,-0.001,203.1832035218422,84,100,62.96000000000001,100,Too Cold,Plantie is sleeping ðŸ’¤,Sleepy
194,01:31:06,2025-12-02 01:31:06.639769,19.27,59.81,19.0,0.49,OK,0.898,-0.001,203.4587995930824,84,100,62.16,100,Too Cold,Plantie is sleeping ðŸ’¤,Sleepy
195,01:36:06,2025-12-02 01:36:06.498488,19.28,59.78,19.0,0.49,OK,0.899,-0.001,203.42430920495,82,100,62.24000000000001,100,Too Cold,Plantie is sleeping ðŸ’¤,Sleepy
196,01:41:06,2025-12-02 01:41:06.606588,19.32,59.37,17.0,0.49,OK,0.911,-0.001,203.0113347995263,84,100,62.56,100,Too Cold,Plantie is sleeping ðŸ’¤,Sleepy
197,01:46:06,2025-12-02 01:46:06.485584,19.3,59.17,20.0,0.49,OK,0.914,-0.001,202.90835306053432,84,100,62.400000000000006,100,Too Cold,Plantie is sleeping ðŸ’¤,Sleepy
198,01:51:06,2025-12-02 01:51:06.584959,19.26,59.39,18.0,0.49,OK,0.907,-0.001,203.1488065007618,81,100,62.08000000000001,100,Too Cold,Plantie is sleeping ðŸ’¤,Sleepy
199,01:56:06,2025-12-02 01:56:06.474374,19.24,59.62,18.0,0.49,OK,0.901,-0.001,203.35536349771223,85,100,61.91999999999999,100,Too Cold,Plantie is sleeping ðŸ’¤,Sleepy
200,02:01:06,2025-12-02 02:01:06.587581,19.2,59.38,19.0,0.49,OK,0.904,-0.001,203.2520325203252,83,100,61.599999999999994,100,Too Cold,Plantie is sleeping ðŸ’¤,Sleepy
201,02:06:06,2025-12-02 02:06:06.455980,19.24,59.43,18.0,0.49,OK,0.905,-0.001,203.2176121930567,83,100,61.91999999999999,100,Too Cold,Plantie is sleeping ðŸ’¤,Sleepy
202,02:11:06,2025-12-02 02:11:06.556058,19.2,59.1,18.0,0.49,OK,0.91,-0.001,203.04568527918784,83,100,61.599999999999994,100,Too Cold,Plantie is sleeping ðŸ’¤,Sleepy
203,02:16:06,2025-12-02 02:16:06.443098,19.06,59.33,18.0,0.49,OK,0.897,-0.001,203.49330167881973,83,100,60.47999999999999,100,Too Cold,Plantie is sleeping ðŸ’¤,Sleepy
204,02:21:06,2025-12-02 02:21:06.539905,19.14,59.49,21.0,0.49,OK,0.898,-0.001,203.4587995930824,85,100,61.120000000000005,100,Too Cold,Plantie is sleeping ðŸ’¤,Sleepy
205,02:26:06,2025-12-02 02:26:06.433522,19.0,59.41,19.0,0.49,OK,0.892,-0.001,203.66598778004075,82,100,60.0,100,Too Cold,Plantie is sleeping ðŸ’¤,Sleepy
206,02:31:06,2025-12-02 02:31:06.516997,19.07,59.44,18.0,0.5,OK,0.895,-0.001,212.04410517387615,82,100,60.56,100,Too Cold,Plantie is sleeping ðŸ’¤,Sleepy
207,02:36:06,2025-12-02 02:36:06.404470,19.03,59.18,19.0,0.5,OK,0.899,-0.001,211.9003220884896,82,100,60.24000000000001,100,Too Cold,Plantie is sleeping ðŸ’¤,Sleepy
208,02:41:06,2025-12-02 02:41:06.511373,19.04,59.21,18.0,0.5,OK,0.899,-0.001,211.9003220884896,81,100,60.31999999999999,100,Too Cold,Plantie is sleeping ðŸ’¤,Sleepy
209,02:46:06,2025-12-02 02:46:06.454277,19.03,59.32,19.0,0.5,OK,0.896,-0.001,212.00814111261872,82,100,60.24000000000001,100,Too Cold,Plantie is sleeping ðŸ’¤,Sleepy
210,02:51:06,2025-12-02 02:51:06.387838,18.88,59.26,17.0,0.5,OK,0.889,-0.001,212.2601460349805,84,100,59.03999999999999,100,Too Cold,Plantie is sleeping ðŸ’¤,Sleepy
211,02:56:06,2025-12-02 02:56:06.516602,18.85,59.38,19.0,0.5,OK,0.884,-0.001,212.4405166553365,82,100,58.80000000000001,100,Too Cold,Plantie is sleeping ðŸ’¤,Sleepy
212,03:01:06,2025-12-02 03:01:06.369255,19.0,58.94,19.0,0.5,OK,0.902,-0.001,211.7926126736699,82,100,60.0,100,Too Cold,Plantie is sleeping ðŸ’¤,Sleepy
213,03:06:06,2025-12-02 03:06:06.495812,18.85,59.0,17.0,0.5,OK,0.893,-0.001,212.1160699134566,82,100,58.80000000000001,100,Too Cold,Plantie is sleeping ðŸ’¤,Sleepy
214,03:11:06,2025-12-02 03:11:06.369279,18.7,59.28,19.0,0.5,OK,0.878,-0.001,212.65736645117389,81,100,57.599999999999994,100,Too Cold,Plantie is sleeping ðŸ’¤,Sleepy
215,03:16:06,2025-12-02 03:16:06.482453,18.89,59.1,19.0,0.5,OK,0.893,-0.001,212.1160699134566,81,100,59.120000000000005,100,Too Cold,Plantie is sleeping ðŸ’¤,Sleepy
216,03:21:06,2025-12-02 03:21:06.344920,18.89,59.14,18.0,0.5,OK,0.892,-0.001,212.15207060420911,81,100,59.120000000000005,100,Too Cold,Plantie is sleeping ðŸ’¤,Sleepy
217,03:26:06,2025-12-02 03:26:06.444076,18.69,59.34,19.0,0.5,OK,0.876,-0.001,212.7297481279782,82,100,57.52000000000001,100,Too Cold,Plantie is sleeping ðŸ’¤,Sleepy
218,03:31:06,2025-12-02 03:31:06.321008,18.77,58.7,19.0,0.5,OK,0.895,-0.001,212.04410517387615,81,100,58.16,100,Too Cold,Plantie is sleeping ðŸ’¤,Sleepy
219,03:36:06,2025-12-02 03:36:06.441469,18.83,58.62,17.0,0.5,OK,0.9,-0.001,211.86440677966104,81,100,58.639999999999986,100,Too Cold,Plantie is sleeping ðŸ’¤,Sleepy
220,03:41:06,2025-12-02 03:41:06.316940,18.88,58.48,19.0,0.5,OK,0.906,-0.001,211.64917033525228,80,100,59.03999999999999,100,Too Cold,Plantie is sleeping ðŸ’¤,Sleepy
221,03:46:06,2025-12-02 03:46:06.424323,18.85,58.84,19.0,0.5,OK,0.896,-0.001,212.00814111261872,83,100,58.80000000000001,100,Too Cold,Plantie is sleeping ðŸ’¤,Sleepy
222,03:51:06,2025-12-02 03:51:06.290374,18.83,58.82,18.0,0.5,OK,0.895,-0.001,212.04410517387615,81,100,58.639999999999986,100,Too Cold,Plantie is sleeping ðŸ’¤,Sleepy
223,03:56:06,2025-12-02 03:56:06.287037,18.83,58.65,20.0,0.5,OK,0.899,-0.001,211.9003220884896,81,100,58.639999999999986,100,Too Cold,Plantie is sleeping ðŸ’¤,Sleepy
224,04:01:06,2025-12-02 04:01:06.276631,18.65,59.1,18.0,0.5,OK,0.879,-0.001,212.62119408062597,83,100,57.19999999999999,100,Too Cold,Plantie is sleeping ðŸ’¤,Sleepy
225,04:06:06,2025-12-02 04:06:06.275914,18.76,58.85,18.0,0.5,OK,0.891,-0.001,212.1880835172297,83,100,58.08000000000001,100,Too Cold,Plantie is sleeping ðŸ’¤,Sleepy
226,04:11:06,2025-12-02 04:11:06.260074,18.68,59.07,19.0,0.5,OK,0.882,-0.001,212.5127507650459,82,100,57.44,100,Too Cold,Plantie is sleeping ðŸ’¤,Sleepy
227,04:16:06,2025-12-02 04:16:06.474338,18.77,58.72,18.0,0.5,OK,0.894,-0.001,212.08008143875125,81,100,58.16,100,Too Cold,Plantie is sleeping ðŸ’¤,Sleepy
228,04:21:06,2025-12-02 04:21:06.246034,18.8,58.65,18.0,0.49,OK,0.897,-0.001,203.49330167881973,80,100,58.400000000000006,100,Too Cold,Plantie is sleeping ðŸ’¤,Sleepy
229,04:26:06,2025-12-02 04:26:06.236957,18.75,58.59,19.0,0.49,OK,0.896,-0.001,203.52781546811397,84,100,58.0,100,Too Cold,Plantie is sleeping ðŸ’¤,Sleepy
230,04:31:06,2025-12-02 04:31:06.229620,18.72,58.53,13.0,0.49,OK,0.895,-0.001,203.5623409669211,82,100,57.75999999999999,100,Too Cold,Plantie is sleeping ðŸ’¤,Sleepy
231,04:36:06,2025-12-02 04:36:06.224653,18.77,58.68,13.0,0.49,OK,0.895,-0.001,203.5623409669211,82,100,58.16,100,Too Cold,Plantie is sleeping ðŸ’¤,Sleepy
232,04:41:06,2025-12-02 04:41:06.221284,18.73,58.76,13.0,0.49,OK,0.891,-0.001,203.7005601765405,83,100,57.84,100,Too Cold,Plantie is sleeping ðŸ’¤,Sleepy
233,04:46:06,2025-12-02 04:46:06.208143,18.7,58.66,13.0,0.49,OK,0.892,-0.001,203.66598778004075,81,100,57.599999999999994,100,Too Cold,Plantie is sleeping ðŸ’¤,Sleepy
234,04:51:06,2025-12-02 04:51:06.196107,18.69,58.69,14.0,0.49,OK,0.89,-0.001,203.73514431239389,83,100,57.52000000000001,100,Too Cold,Plantie is sleeping ðŸ’¤,Sleepy
235,04:56:06,2025-12-02 04:56:06.237506,18.62,58.75,13.0,0.49,OK,0.885,-0.001,203.90824129141885,81,100,56.96000000000001,100,Too Cold,Plantie is sleeping ðŸ’¤,Sleepy
236,05:01:06,2025-12-02 05:01:06.199721,18.49,58.84,14.0,0.49,OK,0.876,-0.001,204.22055820285908,81,100,55.91999999999999,100,Too Cold,Plantie is sleeping ðŸ’¤,Sleepy
237,05:06:06,2025-12-02 05:06:06.175975,18.66,58.55,13.0,0.49,OK,0.892,-0.001,203.66598778004075,84,100,57.28,100,Too Cold,Plantie is sleeping ðŸ’¤,Sleepy
238,05:11:06,2025-12-02 05:11:06.170092,18.63,58.63,13.0,0.49,OK,0.888,-0.001,203.80434782608697,80,100,57.03999999999999,100,Too Cold,Plantie is sleeping ðŸ’¤,Sleepy
239,05:16:06,2025-12-02 05:16:06.175617,18.61,58.54,17.0,0.49,OK,0.889,-0.001,203.76974019358127,83,100,56.879999999999995,100,Too Cold,Plantie is sleeping ðŸ’¤,Sleepy
240,05:21:06,2025-12-02 05:21:06.159275,18.49,58.55,13.0,0.48,OK,0.882,-0.001,195.51173070384218,80,100,55.91999999999999,100,Too Cold,Plantie is sleeping ðŸ’¤,Sleepy
241,05:26:06,2025-12-02 05:26:06.156759,18.52,58.56,13.0,0.48,OK,0.884,-0.001,195.44527532290954,81,100,56.16,100,Too Cold,Plantie is sleeping ðŸ’¤,Sleepy
242,05:31:06,2025-12-02 05:31:06.155276,18.47,58.53,17.0,0.48,OK,0.882,-0.001,195.51173070384218,80,100,55.75999999999999,100,Too Cold,Plantie is sleeping ðŸ’¤,Sleepy
243,05:36:06,2025-12-02 05:36:06.136121,18.47,58.38,13.0,0.48,OK,0.885,-0.001,195.41206457094304,80,100,55.75999999999999,100,Too Cold,Plantie is sleeping ðŸ’¤,Sleepy
244,05:41:06,2025-12-02 05:41:06.127734,18.55,58.12,14.0,0.48,OK,0.895,-0.001,195.08057675996605,81,100,56.400000000000006,100,Too Cold,Plantie is sleeping ðŸ’¤,Sleepy
245,05:46:06,2025-12-02 05:46:06.135132,18.47,58.3,10.0,0.49,OK,0.886,-0.001,203.8735983690112,81,100,55.75999999999999,100,Too Cold,Plantie is sleeping ðŸ’¤,Sleepy
246,05:51:06,2025-12-02 05:51:06.127195,18.58,58.33,13.0,0.49,OK,0.892,-0.001,203.66598778004075,81,100,56.639999999999986,100,Too Cold,Plantie is sleeping ðŸ’¤,Sleepy
247,05:56:06,2025-12-02 05:56:06.114790,18.58,58.31,16.0,0.49,OK,0.892,-0.001,203.66598778004075,82,100,56.639999999999986,100,Too Cold,Plantie is sleeping ðŸ’¤,Sleepy
248,06:01:06,2025-12-02 06:01:06.099897,18.45,58.33,13.0,0.49,OK,0.885,-0.001,203.90824129141885,80,100,55.599999999999994,100,Too Cold,Plantie is sleeping ðŸ’¤,Sleepy
249,06:06:06,2025-12-02 06:06:06.093830,18.47,58.39,17.0,0.48,OK,0.885,-0.001,195.41206457094304,80,100,55.75999999999999,100,Too Cold,Plantie is sleeping ðŸ’¤,Sleepy
250,06:11:06,2025-12-02 06:11:06.091430,18.48,58.3,13.0,0.49,OK,0.887,-0.001,203.83896721589943,81,100,55.84,100,Too Cold,Plantie is sleeping ðŸ’¤,Sleepy
251,06:16:06,2025-12-02 06:16:06.078105,18.55,58.09,17.0,0.48,OK,0.895,-0.001,195.08057675996605,81,100,56.400000000000006,100,Too Cold,Plantie is sleeping ðŸ’¤,Sleepy
252,06:21:06,2025-12-02 06:21:06.071063,18.44,58.0,11.0,0.48,OK,0.891,-0.001,195.21303683585128,80,100,55.52000000000001,100,Too Cold,Plantie is sleeping ðŸ’¤,Sleepy
253,06:26:06,2025-12-02 06:26:06.210703,18.48,57.96,16.0,0.48,OK,0.894,-0.001,195.11367492365113,81,100,55.84,100,Too Cold,Plantie is sleeping ðŸ’¤,Sleepy
254,06:31:06,2025-12-02 06:31:06.090847,18.47,57.89,17.0,0.48,OK,0.895,-0.001,195.08057675996605,80,100,55.75999999999999,100,Too Cold,Plantie is sleeping ðŸ’¤,Sleepy
255,06:36:06,2025-12-02 06:36:06.179085,18.38,57.99,17.0,0.48,OK,0.888,-0.001,195.31249999999997,82,100,55.03999999999999,100,Too Cold,Plantie is sleeping ðŸ’¤,Sleepy
256,06:41:06,2025-12-02 06:41:06.216540,18.35,58.08,13.0,0.48,OK,0.884,-0.001,195.44527532290954,79,100,54.80000000000001,100,Too Cold,Plantie is sleeping ðŸ’¤,Sleepy
257,06:46:06,2025-12-02 06:46:06.150891,18.32,57.91,12.0,0.48,OK,0.886,-0.001,195.37886510363572,79,100,54.56,100,Too Cold,Plantie is sleeping ðŸ’¤,Sleepy
258,06:51:06,2025-12-02 06:51:06.190789,18.37,57.78,17.0,0.48,OK,0.892,-0.001,195.17990495587236,79,100,54.96000000000001,100,Too Cold,Plantie is sleeping ðŸ’¤,Sleepy
259,06:56:06,2025-12-02 06:56:06.125382,18.44,57.84,14.0,0.48,OK,0.895,-0.001,195.08057675996605,83,100,55.52000000000001,100,Too Cold,Plantie is sleeping ðŸ’¤,Sleepy
260,07:01:06,2025-12-02 07:01:06.165167,18.35,57.67,13.0,0.48,OK,0.893,-0.001,195.14678432038008,80,100,54.80000000000001,100,Too Cold,Plantie is sleeping ðŸ’¤,Sleepy
261,07:06:06,2025-12-02 07:06:06.124560,18.34,57.73,11.0,0.48,OK,0.891,-0.001,195.21303683585128,80,100,54.72,100,Too Cold,Plantie is sleeping ðŸ’¤,Sleepy
262,07:11:06,2025-12-02 07:11:06.137242,18.3,57.72,17.0,0.48,OK,0.889,-0.001,195.27933435218202,80,100,54.400000000000006,100,Too Cold,Plantie is sleeping ðŸ’¤,Sleepy
263,07:16:06,2025-12-02 07:16:06.089187,18.35,57.53,12.0,0.48,OK,0.896,-0.001,195.0474898236092,82,100,54.80000000000001,100,Too Cold,Plantie is sleeping ðŸ’¤,Sleepy
264,07:21:06,2025-12-02 07:21:06.125602,18.22,57.53,21.0,0.48,OK,0.889,-0.001,195.27933435218202,82,100,53.75999999999999,100,Too Cold,Plantie is sleeping ðŸ’¤,Sleepy
265,07:26:06,2025-12-02 07:26:06.035579,18.22,57.62,23.0,0.48,OK,0.887,-0.001,195.34567691523694,79,100,53.75999999999999,100,Too Cold,Plantie is sleeping ðŸ’¤,Sleepy
266,07:31:06,2025-12-02 07:31:06.190744,18.28,57.25,29.0,0.48,OK,0.898,-0.001,194.98134961003728,79,100,54.24000000000001,100,Too Cold,Plantie is sleeping ðŸ’¤,Sleepy
267,07:36:06,2025-12-02 07:36:06.021544,18.34,57.15,43.0,0.48,OK,0.904,-0.001,194.78319783197827,81,100,54.72,100,Too Cold,Plantie is sleeping ðŸ’¤,Sleepy
268,07:41:06,2025-12-02 07:41:06.153625,18.32,56.91,69.0,0.48,OK,0.907,-0.001,194.68427289656339,83,100,54.56,100,Too Cold,Plantie is sleeping ðŸ’¤,Sleepy
269,07:46:05,2025-12-02 07:46:05.988793,18.32,56.98,91.0,0.48,OK,0.906,-0.001,194.71723670843207,75,100,54.56,70,"Too Cold, Night Light",Plantie is sleeping ðŸ’¤,Sleepy
270,07:51:06,2025-12-02 07:51:06.127031,18.24,56.93,125.0,0.48,OK,0.902,-0.001,194.8492036597763,77,100,53.91999999999999,70,"Too Cold, Night Light",Plantie is growing ðŸŒ±,Happy
271,07:56:05,2025-12-02 07:56:05.962665,18.22,56.89,156.0,0.48,OK,0.902,-0.001,194.8492036597763,74,100,53.75999999999999,70,"Too Cold, Night Light",Plantie is growing ðŸŒ±,Happy
272,08:01:06,2025-12-02 08:01:06.145693,18.2,56.56,209.0,0.48,OK,0.908,-0.001,194.65132024373727,80,100,53.599999999999994,100,Too Cold,Plantie is growing ðŸŒ±,Happy
273,08:06:05,2025-12-02 08:06:05.947751,18.22,56.57,239.0,0.48,OK,0.909,-0.001,194.61837874428835,81,100,53.75999999999999,100,Too Cold,Plantie is growing ðŸŒ±,Happy
274,08:11:06,2025-12-02 08:11:06.085062,18.17,56.36,317.0,0.48,OK,0.91,-0.001,194.58544839255498,81,100,53.360000000000014,100,Too Cold,Plantie is growing ðŸŒ±,Happy
275,08:16:05,2025-12-02 08:16:05.932884,18.13,56.54,351.0,0.48,OK,0.904,-0.001,194.78319783197827,82,100,53.03999999999999,100,Too Cold,Plantie is growing ðŸŒ±,Happy
276,08:21:06,2025-12-02 08:21:06.053781,18.24,56.03,391.0,0.48,OK,0.921,-0.001,194.22394865732136,80,100,53.91999999999999,100,Too Cold,Plantie is growing ðŸŒ±,Happy
277,08:26:06,2025-12-02 08:26:06.081091,18.22,56.24,443.0,0.48,OK,0.916,-0.001,194.38810006761324,81,100,53.75999999999999,100,Too Cold,Plantie is growing ðŸŒ±,Happy
278,08:31:06,2025-12-02 08:31:06.011988,18.2,55.9,551.0,0.48,OK,0.922,-0.001,194.1911516379601,79,100,53.599999999999994,100,Too Cold,Plantie is growing ðŸŒ±,Happy
279,08:36:06,2025-12-02 08:36:06.050655,18.1,55.78,471.0,0.48,OK,0.918,-0.001,194.32240621831698,80,100,52.80000000000001,100,Too Cold,Plantie is growing ðŸŒ±,Happy
280,08:41:05,2025-12-02 08:41:05.988048,18.15,55.74,741.0,0.47,OK,0.922,-0.001,185.7480580884836,80,100,53.19999999999999,100,Too Cold,Plantie is growing ðŸŒ±,Happy
281,08:46:06,2025-12-02 08:46:06.022863,18.11,55.76,941.0,0.47,OK,0.919,-0.001,185.8422030748437,80,100,52.879999999999995,100,Too Cold,Plantie is growing ðŸŒ±,Happy
282,08:51:05,2025-12-02 08:51:05.954212,18.15,55.52,1035.0,0.47,OK,0.927,-0.001,185.5913615657162,79,100,53.19999999999999,100,Too Cold,Plantie is growing ðŸŒ±,Happy
283,08:56:05,2025-12-02 08:56:05.989756,18.14,55.56,995.0,0.47,OK,0.925,-0.001,185.65400843881852,82,100,53.120000000000005,100,Too Cold,Plantie is growing ðŸŒ±,Happy
284,09:01:05,2025-12-02 09:01:05.928749,18.18,55.57,1097.0,0.47,OK,0.927,-0.001,185.5913615657162,80,100,53.44,100,Too Cold,Plantie is growing ðŸŒ±,Happy
285,09:06:05,2025-12-02 09:06:05.979674,18.21,55.31,1303.0,0.47,OK,0.935,-0.001,185.34119629317604,79,100,53.68000000000001,100,Too Cold,Plantie is growing ðŸŒ±,Happy
286,09:11:05,2025-12-02 09:11:05.896531,18.17,55.46,1302.0,0.47,OK,0.929,-0.001,185.52875695732837,81,100,53.360000000000014,100,Too Cold,Plantie is growing ðŸŒ±,Happy
287,09:16:05,2025-12-02 09:16:05.937165,18.15,55.36,1253.0,0.47,OK,0.93,-0.001,185.49747048903876,81,100,53.19999999999999,100,Too Cold,Plantie is growing ðŸŒ±,Happy
288,09:21:05,2025-12-02 09:21:05.847945,18.3,55.19,1255.0,0.47,OK,0.942,-0.001,185.1228542578256,82,100,54.400000000000006,100,Too Cold,Plantie is growing ðŸŒ±,Happy
289,09:26:05,2025-12-02 09:26:05.904288,18.24,54.98,1379.0,0.47,OK,0.943,-0.001,185.09170452633347,81,100,53.91999999999999,100,Too Cold,Plantie is growing ðŸŒ±,Happy
290,09:31:05,2025-12-02 09:31:05.814223,18.21,55.05,1444.0,0.47,OK,0.94,-0.001,185.18518518518516,82,100,53.68000000000001,100,Too Cold,Plantie is growing ðŸŒ±,Happy
291,09:36:05,2025-12-02 09:36:05.988345,18.25,54.95,1451.0,0.47,OK,0.945,-0.001,185.02943650126153,79,100,54.0,100,Too Cold,Plantie is growing ðŸŒ±,Happy
292,09:41:05,2025-12-02 09:41:05.803598,18.24,54.83,1467.0,0.47,OK,0.946,-0.001,184.99831819710727,82,100,53.91999999999999,100,Too Cold,Plantie is growing ðŸŒ±,Happy
293,09:46:05,2025-12-02 09:46:05.950970,18.35,54.78,1407.0,0.47,OK,0.954,-0.001,184.74974806852532,80,100,54.80000000000001,100,Too Cold,Plantie is growing ðŸŒ±,Happy
294,09:51:05,2025-12-02 09:51:05.792127,18.28,54.54,1427.0,0.47,OK,0.955,-0.001,184.71872376154488,81,100,54.24000000000001,100,Too Cold,Plantie is growing ðŸŒ±,Happy
